ct_code,dguid,centroid_lon,centroid_lat
4620725.07,2021S05074620725.07,-73.932369,45.576147
4620652.04,2021S05074620652.04,-73.812231,45.528124
4620887.05,2021S05074620887.05,-73.438509,45.581269
4620887.06,2021S05074620887.06,-73.426285,45.574641
4620887.07,2021S05074620887.07,-73.411391,45.556335
4620688.03,2021S05074620688.03,-73.819921,45.76567
4620688.04,2021S05074620688.04,-73.807423,45.763682
4620001.00,2021S05074620001.00,-73.511428,45.606762
4620002.00,2021S05074620002.00,-73.51689,45.607005
4620003.00,2021S05074620003.00,-73.523058,45.608432
4620004.00,2021S05074620004.00,-73.524512,45.601583
4620005.00,2021S05074620005.00,-73.513559,45.598977
4620006.00,2021S05074620006.00,-73.512812,45.592833
4620007.00,2021S05074620007.00,-73.527707,45.595607
4620008.00,2021S05074620008.00,-73.514096,45.588815
4620009.00,2021S05074620009.00,-73.521039,45.574575
4620010.00,2021S05074620010.00,-73.532636,45.574639
4620011.00,2021S05074620011.00,-73.533988,45.586636
4620013.00,2021S05074620013.00,-73.543922,45.570926
4620015.00,2021S05074620015.00,-73.534796,45.558898
4620016.00,2021S05074620016.00,-73.526829,45.556461
4620017.00,2021S05074620017.00,-73.532407,45.553995
4620018.00,2021S05074620018.00,-73.533699,45.552072
4620019.00,2021S05074620019.00,-73.535064,45.549676
4620021.00,2021S05074620021.00,-73.535242,45.545103
4620022.00,2021S05074620022.00,-73.538485,45.541464
4620023.00,2021S05074620023.00,-73.541789,45.5372
4620024.00,2021S05074620024.00,-73.545087,45.540818
4620025.00,2021S05074620025.00,-73.541189,45.547023
4620026.00,2021S05074620026.00,-73.544607,45.548587
4620027.00,2021S05074620027.00,-73.547026,45.544845
4620028.00,2021S05074620028.00,-73.549289,45.541281
4620029.00,2021S05074620029.00,-73.550272,45.545844
4620030.00,2021S05074620030.00,-73.552262,45.550752
4620031.00,2021S05074620031.00,-73.555351,45.543657
4620032.00,2021S05074620032.00,-73.558763,45.537628
4620033.00,2021S05074620033.00,-73.555866,45.536849
4620034.00,2021S05074620034.00,-73.55258,45.536038
4620035.00,2021S05074620035.00,-73.557841,45.533109
4620036.00,2021S05074620036.00,-73.559362,45.530766
4620037.00,2021S05074620037.00,-73.549542,45.532775
4620038.00,2021S05074620038.00,-73.550633,45.528978
4620039.00,2021S05074620039.00,-73.545885,45.5273
4620040.00,2021S05074620040.00,-73.530914,45.513738
4620041.00,2021S05074620041.00,-73.549495,45.522788
4620042.00,2021S05074620042.00,-73.552665,45.520352
4620043.00,2021S05074620043.00,-73.550319,45.517923
4620044.00,2021S05074620044.00,-73.559305,45.51978
4620045.00,2021S05074620045.00,-73.555317,45.521589
4620046.00,2021S05074620046.00,-73.558625,45.523196
4620047.00,2021S05074620047.00,-73.556271,45.526006
4620048.00,2021S05074620048.00,-73.560924,45.528223
4620049.00,2021S05074620049.00,-73.562543,45.525054
4620050.00,2021S05074620050.00,-73.563879,45.521957
4620051.00,2021S05074620051.00,-73.56376,45.517212
4620052.00,2021S05074620052.00,-73.560806,45.517758
4620053.00,2021S05074620053.00,-73.557617,45.515063
4620054.00,2021S05074620054.00,-73.554846,45.513722
4620056.00,2021S05074620056.00,-73.562101,45.506551
4620057.00,2021S05074620057.00,-73.559789,45.509317
4620058.00,2021S05074620058.00,-73.558216,45.511293
4620059.00,2021S05074620059.00,-73.565566,45.513634
4620060.00,2021S05074620060.00,-73.564508,45.512639
4620061.00,2021S05074620061.00,-73.567802,45.509337
4620062.00,2021S05074620062.00,-73.568474,45.502503
4620063.00,2021S05074620063.00,-73.572419,45.496201
4620064.00,2021S05074620064.00,-73.577266,45.498389
4620067.00,2021S05074620067.00,-73.577871,45.486546
4620068.00,2021S05074620068.00,-73.573549,45.489942
4620071.00,2021S05074620071.00,-73.550604,45.488776
4620072.00,2021S05074620072.00,-73.549931,45.479557
4620073.00,2021S05074620073.00,-73.560437,45.485434
4620074.00,2021S05074620074.00,-73.563328,45.476441
4620075.00,2021S05074620075.00,-73.566186,45.478784
4620076.00,2021S05074620076.00,-73.568631,45.48087
4620077.00,2021S05074620077.00,-73.568726,45.487445
4620078.00,2021S05074620078.00,-73.57471,45.483042
4620079.00,2021S05074620079.00,-73.581315,45.477983
4620080.00,2021S05074620080.00,-73.582171,45.483317
4620081.00,2021S05074620081.00,-73.587424,45.479485
4620082.00,2021S05074620082.00,-73.593053,45.474526
4620083.00,2021S05074620083.00,-73.58725,45.472176
4620084.00,2021S05074620084.00,-73.593529,45.468701
4620085.00,2021S05074620085.00,-73.580344,45.469181
4620086.00,2021S05074620086.00,-73.584553,45.459411
4620087.00,2021S05074620087.00,-73.592804,45.46246
4620088.00,2021S05074620088.00,-73.592193,45.458379
4620089.00,2021S05074620089.00,-73.589409,45.452521
4620090.00,2021S05074620090.00,-73.597599,45.44816
4620091.00,2021S05074620091.00,-73.602755,45.442443
4620092.00,2021S05074620092.00,-73.599586,45.452888
4620093.00,2021S05074620093.00,-73.603295,45.457981
4620095.00,2021S05074620095.00,-73.605721,45.474378
4620096.00,2021S05074620096.00,-73.612157,45.470762
4620098.00,2021S05074620098.00,-73.648073,45.459489
4620099.00,2021S05074620099.00,-73.632334,45.464986
4620102.00,2021S05074620102.00,-73.632871,45.473728
4620103.00,2021S05074620103.00,-73.623383,45.469836
4620104.00,2021S05074620104.00,-73.618871,45.473188
4620105.00,2021S05074620105.00,-73.627032,45.476487
4620106.00,2021S05074620106.00,-73.61908,45.476843
4620107.00,2021S05074620107.00,-73.614607,45.476124
4620108.00,2021S05074620108.00,-73.614521,45.479411
4620109.00,2021S05074620109.00,-73.623522,45.483174
4620110.00,2021S05074620110.00,-73.62762,45.480701
4620111.00,2021S05074620111.00,-73.6399,45.486244
4620113.00,2021S05074620113.00,-73.631107,45.488028
4620114.00,2021S05074620114.00,-73.622584,45.485468
4620116.00,2021S05074620116.00,-73.626102,45.493637
4620117.00,2021S05074620117.00,-73.632019,45.496315
4620118.00,2021S05074620118.00,-73.635722,45.497974
4620119.00,2021S05074620119.00,-73.641368,45.500519
4620121.00,2021S05074620121.00,-73.637116,45.510346
4620122.00,2021S05074620122.00,-73.63313,45.506143
4620123.00,2021S05074620123.00,-73.62673,45.503267
4620124.00,2021S05074620124.00,-73.62652,45.509732
4620125.00,2021S05074620125.00,-73.62348,45.512377
4620126.00,2021S05074620126.00,-73.614831,45.504811
4620128.00,2021S05074620128.00,-73.590386,45.503193
4620130.00,2021S05074620130.00,-73.576094,45.50755
4620131.00,2021S05074620131.00,-73.575088,45.509288
4620132.00,2021S05074620132.00,-73.573492,45.511793
4620133.00,2021S05074620133.00,-73.571511,45.514977
4620134.00,2021S05074620134.00,-73.570178,45.517058
4620135.00,2021S05074620135.00,-73.575685,45.51958
4620136.00,2021S05074620136.00,-73.577389,45.517664
4620137.00,2021S05074620137.00,-73.578738,45.514238
4620138.00,2021S05074620138.00,-73.584338,45.516889
4620139.00,2021S05074620139.00,-73.582284,45.520972
4620140.00,2021S05074620140.00,-73.579895,45.525451
4620141.00,2021S05074620141.00,-73.57749,45.524388
4620142.00,2021S05074620142.00,-73.575246,45.523215
4620143.00,2021S05074620143.00,-73.571051,45.519764
4620144.00,2021S05074620144.00,-73.569683,45.521864
4620145.00,2021S05074620145.00,-73.568497,45.526206
4620146.00,2021S05074620146.00,-73.575603,45.52798
4620147.00,2021S05074620147.00,-73.573283,45.530414
4620148.00,2021S05074620148.00,-73.570973,45.532855
4620149.00,2021S05074620149.00,-73.565988,45.530454
4620150.00,2021S05074620150.00,-73.563974,45.533804
4620151.00,2021S05074620151.00,-73.56903,45.534886
4620152.00,2021S05074620152.00,-73.567103,45.536855
4620153.00,2021S05074620153.00,-73.564914,45.539041
4620154.00,2021S05074620154.00,-73.572176,45.539046
4620155.00,2021S05074620155.00,-73.574045,45.53717
4620156.00,2021S05074620156.00,-73.57595,45.535178
4620157.00,2021S05074620157.00,-73.578265,45.532725
4620158.00,2021S05074620158.00,-73.58059,45.530262
4620159.00,2021S05074620159.00,-73.582615,45.528099
4620160.00,2021S05074620160.00,-73.584477,45.526077
4620161.00,2021S05074620161.00,-73.586114,45.522693
4620162.00,2021S05074620162.00,-73.588565,45.523832
4620163.00,2021S05074620163.00,-73.590342,45.519545
4620164.00,2021S05074620164.00,-73.59261,45.517514
4620165.00,2021S05074620165.00,-73.603336,45.522224
4620166.00,2021S05074620166.00,-73.612986,45.528237
4620167.00,2021S05074620167.00,-73.606431,45.526364
4620168.00,2021S05074620168.00,-73.59931,45.521904
4620169.00,2021S05074620169.00,-73.598679,45.523264
4620170.00,2021S05074620170.00,-73.597267,45.524246
4620171.00,2021S05074620171.00,-73.594858,45.526491
4620172.00,2021S05074620172.00,-73.591012,45.529029
4620173.00,2021S05074620173.00,-73.588862,45.53082
4620174.00,2021S05074620174.00,-73.586904,45.533045
4620175.00,2021S05074620175.00,-73.585024,45.534925
4620176.00,2021S05074620176.00,-73.583362,45.536012
4620177.00,2021S05074620177.00,-73.582266,45.537312
4620178.00,2021S05074620178.00,-73.579107,45.539462
4620179.00,2021S05074620179.00,-73.584598,45.542336
4620180.00,2021S05074620180.00,-73.580901,45.546104
4620181.00,2021S05074620181.00,-73.57372,45.545364
4620182.00,2021S05074620182.00,-73.579449,45.548457
4620183.00,2021S05074620183.00,-73.578253,45.550066
4620184.00,2021S05074620184.00,-73.576627,45.552288
4620185.00,2021S05074620185.00,-73.57347,45.556739
4620186.00,2021S05074620186.00,-73.569263,45.55225
4620189.00,2021S05074620189.00,-73.562311,45.562102
4620191.00,2021S05074620191.00,-73.547261,45.586459
4620192.00,2021S05074620192.00,-73.539047,45.598629
4620193.00,2021S05074620193.00,-73.534973,45.604834
4620196.00,2021S05074620196.00,-73.567561,45.572144
4620197.00,2021S05074620197.00,-73.574733,45.574592
4620198.00,2021S05074620198.00,-73.576232,45.56846
4620199.00,2021S05074620199.00,-73.575183,45.563425
4620200.00,2021S05074620200.00,-73.582243,45.565658
4620201.00,2021S05074620201.00,-73.583258,45.55977
4620202.00,2021S05074620202.00,-73.587789,45.554574
4620203.00,2021S05074620203.00,-73.593591,45.551928
4620204.00,2021S05074620204.00,-73.58724,45.549507
4620205.00,2021S05074620205.00,-73.590102,45.546368
4620206.00,2021S05074620206.00,-73.596235,45.54921
4620207.00,2021S05074620207.00,-73.598689,45.546257
4620208.00,2021S05074620208.00,-73.592624,45.543456
4620209.00,2021S05074620209.00,-73.597774,45.541805
4620210.00,2021S05074620210.00,-73.594572,45.535281
4620211.00,2021S05074620211.00,-73.599422,45.537703
4620212.00,2021S05074620212.00,-73.602728,45.539197
4620213.00,2021S05074620213.00,-73.606185,45.540741
4620214.00,2021S05074620214.00,-73.608896,45.537279
4620215.00,2021S05074620215.00,-73.599487,45.533016
4620216.00,2021S05074620216.00,-73.6029,45.530643
4620217.00,2021S05074620217.00,-73.608491,45.532887
4620218.00,2021S05074620218.00,-73.613242,45.535045
4620219.00,2021S05074620219.00,-73.614527,45.531306
4620220.00,2021S05074620220.00,-73.622834,45.529154
4620221.00,2021S05074620221.00,-73.625381,45.526003
4620222.00,2021S05074620222.00,-73.633787,45.528371
4620224.00,2021S05074620224.00,-73.63625,45.532257
4620225.00,2021S05074620225.00,-73.63843,45.537334
4620226.00,2021S05074620226.00,-73.636745,45.542644
4620227.00,2021S05074620227.00,-73.631821,45.541226
4620228.00,2021S05074620228.00,-73.628703,45.540336
4620229.00,2021S05074620229.00,-73.628448,45.53509
4620230.00,2021S05074620230.00,-73.62561,45.539435
4620231.00,2021S05074620231.00,-73.622659,45.538552
4620232.00,2021S05074620232.00,-73.619998,45.535691
4620233.00,2021S05074620233.00,-73.618346,45.54015
4620234.00,2021S05074620234.00,-73.618092,45.54181
4620235.00,2021S05074620235.00,-73.623616,45.543128
4620236.00,2021S05074620236.00,-73.626618,45.543951
4620237.00,2021S05074620237.00,-73.633145,45.545067
4620238.00,2021S05074620238.00,-73.631603,45.547007
4620239.00,2021S05074620239.00,-73.624949,45.548307
4620240.00,2021S05074620240.00,-73.620309,45.551564
4620241.00,2021S05074620241.00,-73.616102,45.553802
4620242.00,2021S05074620242.00,-73.607599,45.550145
4620243.00,2021S05074620243.00,-73.612144,45.548238
4620244.00,2021S05074620244.00,-73.61413,45.54584
4620245.00,2021S05074620245.00,-73.616107,45.5437
4620247.00,2021S05074620247.00,-73.609644,45.542311
4620249.00,2021S05074620249.00,-73.607576,45.554
4620250.00,2021S05074620250.00,-73.605062,45.556686
4620252.00,2021S05074620252.00,-73.594379,45.562027
4620253.00,2021S05074620253.00,-73.601977,45.565259
4620254.00,2021S05074620254.00,-73.59543,45.567718
4620256.00,2021S05074620256.00,-73.62162,45.562066
4620257.00,2021S05074620257.00,-73.613159,45.570832
4620258.00,2021S05074620258.00,-73.60856,45.575814
4620259.00,2021S05074620259.00,-73.622037,45.581932
4620260.00,2021S05074620260.00,-73.629947,45.578155
4620261.00,2021S05074620261.00,-73.623595,45.575491
4620262.00,2021S05074620262.00,-73.632085,45.566385
4620263.00,2021S05074620263.00,-73.637937,45.569107
4620265.00,2021S05074620265.00,-73.644501,45.55009
4620266.00,2021S05074620266.00,-73.647362,45.546322
4620267.00,2021S05074620267.00,-73.65141,45.540157
4620269.00,2021S05074620269.00,-73.663346,45.542807
4620270.00,2021S05074620270.00,-73.658289,45.551135
4620271.00,2021S05074620271.00,-73.654343,45.557854
4620272.00,2021S05074620272.00,-73.651122,45.563611
4620273.00,2021S05074620273.00,-73.64701,45.56956
4620274.00,2021S05074620274.00,-73.64239,45.575058
4620275.00,2021S05074620275.00,-73.651796,45.57883
4620276.00,2021S05074620276.00,-73.657446,45.573872
4620277.00,2021S05074620277.00,-73.659161,45.566684
4620278.00,2021S05074620278.00,-73.663945,45.560473
4620279.00,2021S05074620279.00,-73.668421,45.554181
4620280.00,2021S05074620280.00,-73.670869,45.544554
4620281.00,2021S05074620281.00,-73.680151,45.546288
4620282.00,2021S05074620282.00,-73.689977,45.541787
4620284.00,2021S05074620284.00,-73.703551,45.540235
4620285.00,2021S05074620285.00,-73.710935,45.533235
4620286.00,2021S05074620286.00,-73.699497,45.529054
4620288.00,2021S05074620288.00,-73.744947,45.514668
4620300.00,2021S05074620300.00,-73.562742,45.46684
4620301.00,2021S05074620301.00,-73.568419,45.470886
4620302.00,2021S05074620302.00,-73.569523,45.465082
4620303.00,2021S05074620303.00,-73.576363,45.46513
4620304.00,2021S05074620304.00,-73.57586,45.461429
4620305.00,2021S05074620305.00,-73.565831,45.46093
4620306.00,2021S05074620306.00,-73.564698,45.456971
4620307.00,2021S05074620307.00,-73.569708,45.457046
4620308.00,2021S05074620308.00,-73.574039,45.45722
4620309.00,2021S05074620309.00,-73.578375,45.45714
4620310.00,2021S05074620310.00,-73.580825,45.451353
4620311.00,2021S05074620311.00,-73.570567,45.453089
4620312.00,2021S05074620312.00,-73.571907,45.449644
4620313.00,2021S05074620313.00,-73.578619,45.447059
4620314.00,2021S05074620314.00,-73.582276,45.445534
4620315.00,2021S05074620315.00,-73.584993,45.442327
4620316.00,2021S05074620316.00,-73.589283,45.438053
4620320.00,2021S05074620320.00,-73.594008,45.433842
4620321.00,2021S05074620321.00,-73.587115,45.426236
4620323.00,2021S05074620323.00,-73.624638,45.417886
4620327.00,2021S05074620327.00,-73.648615,45.423976
4620329.00,2021S05074620329.00,-73.660012,45.429778
4620330.00,2021S05074620330.00,-73.652133,45.447828
4620340.00,2021S05074620340.00,-73.649431,45.452919
4620350.00,2021S05074620350.00,-73.588501,45.48293
4620351.00,2021S05074620351.00,-73.591707,45.485686
4620352.00,2021S05074620352.00,-73.59914,45.478475
4620353.00,2021S05074620353.00,-73.603635,45.481403
4620354.00,2021S05074620354.00,-73.605953,45.484979
4620355.00,2021S05074620355.00,-73.594547,45.489731
4620356.00,2021S05074620356.00,-73.608653,45.490291
4620360.00,2021S05074620360.00,-73.602001,45.51071
4620361.00,2021S05074620361.00,-73.615907,45.508966
4620362.00,2021S05074620362.00,-73.609298,45.51588
4620363.00,2021S05074620363.00,-73.600709,45.51895
4620364.00,2021S05074620364.00,-73.612365,45.524438
4620365.00,2021S05074620365.00,-73.613908,45.522527
4620366.00,2021S05074620366.00,-73.615037,45.517121
4620367.00,2021S05074620367.00,-73.620539,45.51895
4620370.00,2021S05074620370.00,-73.64547,45.480892
4620380.00,2021S05074620380.00,-73.652411,45.472083
4620381.00,2021S05074620381.00,-73.66141,45.460103
4620385.00,2021S05074620385.00,-73.63486,45.481424
4620390.00,2021S05074620390.00,-73.663239,45.435641
4620391.00,2021S05074620391.00,-73.674632,45.43318
4620392.00,2021S05074620392.00,-73.682862,45.432694
4620393.00,2021S05074620393.00,-73.677339,45.440651
4620394.00,2021S05074620394.00,-73.663972,45.443815
4620396.00,2021S05074620396.00,-73.705725,45.43831
4620397.00,2021S05074620397.00,-73.709601,45.445414
4620400.00,2021S05074620400.00,-73.632082,45.520228
4620401.00,2021S05074620401.00,-73.644413,45.509719
4620402.00,2021S05074620402.00,-73.668073,45.494992
4620403.00,2021S05074620403.00,-73.653617,45.512353
4620404.00,2021S05074620404.00,-73.645281,45.523505
4620412.00,2021S05074620412.00,-73.678211,45.503865
4620418.00,2021S05074620418.00,-73.678048,45.510445
4620419.00,2021S05074620419.00,-73.689948,45.518328
4620420.00,2021S05074620420.00,-73.687845,45.52225
4620733.01,2021S05074620733.01,-74.135672,45.611117
4620430.00,2021S05074620430.00,-73.730763,45.443175
4620431.00,2021S05074620431.00,-73.751268,45.443527
4620432.00,2021S05074620432.00,-73.7701,45.444987
4620433.00,2021S05074620433.00,-73.754173,45.466096
4620440.00,2021S05074620440.00,-73.741591,45.432355
4620450.00,2021S05074620450.00,-73.814452,45.438447
4620451.00,2021S05074620451.00,-73.797025,45.453826
4620452.00,2021S05074620452.00,-73.82791,45.450537
4620460.00,2021S05074620460.00,-73.857562,45.428319
4620461.00,2021S05074620461.00,-73.888322,45.420776
4620480.00,2021S05074620480.00,-73.914466,45.417748
4620490.00,2021S05074620490.00,-73.950367,45.406011
4620491.00,2021S05074620491.00,-73.931584,45.427583
4620500.00,2021S05074620500.00,-73.954979,45.432589
4620733.02,2021S05074620733.02,-74.19592,45.542399
4620903.13,2021S05074620903.13,-73.252879,45.605413
4620903.14,2021S05074620903.14,-73.326996,45.612645
4620652.06,2021S05074620652.06,-73.862294,45.530005
4620652.07,2021S05074620652.07,-73.828537,45.534441
4620523.00,2021S05074620523.00,-73.826592,45.500286
4620530.00,2021S05074620530.00,-73.806698,45.505886
4620540.00,2021S05074620540.00,-73.869337,45.480547
4620570.00,2021S05074620570.00,-73.528496,45.629312
4620583.00,2021S05074620583.00,-73.500444,45.643352
4620584.00,2021S05074620584.00,-73.502423,45.638349
4620592.00,2021S05074620592.00,-73.557841,45.60698
4620511.01,2021S05074620511.01,-73.787481,45.509081
4620511.02,2021S05074620511.02,-73.770417,45.503743
4620830.03,2021S05074620830.03,-73.553476,45.398085
4620830.04,2021S05074620830.04,-73.557622,45.390783
4620612.00,2021S05074620612.00,-73.629798,45.590299
4620613.00,2021S05074620613.00,-73.637469,45.58201
4620614.00,2021S05074620614.00,-73.646389,45.585112
4620615.00,2021S05074620615.00,-73.641009,45.590025
4620616.00,2021S05074620616.00,-73.635484,45.596501
4620618.00,2021S05074620618.00,-73.640215,45.601945
4620619.00,2021S05074620619.00,-73.64916,45.590037
4620626.00,2021S05074620626.00,-73.622161,45.65124
4620627.00,2021S05074620627.00,-73.651596,45.619274
4620629.00,2021S05074620629.00,-73.667055,45.586842
4620631.00,2021S05074620631.00,-73.683375,45.633755
4620633.00,2021S05074620633.00,-73.680512,45.582501
4620634.00,2021S05074620634.00,-73.678371,45.571336
4620635.00,2021S05074620635.00,-73.682084,45.565918
4620636.00,2021S05074620636.00,-73.692873,45.58043
4620639.00,2021S05074620639.00,-73.691082,45.555182
4620640.00,2021S05074620640.00,-73.709771,45.547639
4620642.00,2021S05074620642.00,-73.738843,45.580127
4620644.00,2021S05074620644.00,-73.726476,45.548659
4620645.00,2021S05074620645.00,-73.744014,45.547698
4620648.00,2021S05074620648.00,-73.755306,45.534771
4620653.00,2021S05074620653.00,-73.853918,45.518412
4620654.00,2021S05074620654.00,-73.876164,45.526589
4620662.00,2021S05074620662.00,-73.630919,45.678309
4620675.00,2021S05074620675.00,-73.462261,45.721403
4620683.00,2021S05074620683.00,-73.490814,45.725735
4620706.00,2021S05074620706.00,-73.834811,45.633092
4620707.00,2021S05074620707.00,-73.840326,45.640865
4620729.00,2021S05074620729.00,-73.893399,45.535937
4620731.00,2021S05074620731.00,-73.972792,45.500159
4620801.00,2021S05074620801.00,-73.742598,45.369378
4620802.00,2021S05074620802.00,-73.761353,45.379612
4620829.00,2021S05074620829.00,-73.539709,45.374155
4620832.00,2021S05074620832.00,-73.67211,45.384934
4620851.00,2021S05074620851.00,-73.283831,45.452375
4620755.01,2021S05074620755.01,-74.010844,45.354857
4620856.00,2021S05074620856.00,-73.410716,45.527121
4620859.00,2021S05074620859.00,-73.456188,45.473824
4620861.00,2021S05074620861.00,-73.484389,45.491004
4620862.00,2021S05074620862.00,-73.494979,45.481593
4620864.00,2021S05074620864.00,-73.512491,45.509095
4620865.00,2021S05074620865.00,-73.495122,45.508018
4620866.00,2021S05074620866.00,-73.494144,45.497738
4620867.00,2021S05074620867.00,-73.476431,45.501335
4620869.00,2021S05074620869.00,-73.449797,45.511045
4620872.00,2021S05074620872.00,-73.482818,45.51045
4620874.00,2021S05074620874.00,-73.474617,45.532421
4620875.00,2021S05074620875.00,-73.46723,45.529271
4620878.00,2021S05074620878.00,-73.486517,45.535805
4620880.00,2021S05074620880.00,-73.498062,45.526243
4620882.00,2021S05074620882.00,-73.49952,45.515503
4620883.00,2021S05074620883.00,-73.513955,45.518366
4620885.00,2021S05074620885.00,-73.500432,45.543503
4620900.00,2021S05074620900.00,-73.216165,45.555877
4620902.00,2021S05074620902.00,-73.233051,45.547179
4621000.00,2021S05074621000.00,-73.48358,45.849485
4621001.00,2021S05074621001.00,-73.507043,45.848199
4621002.00,2021S05074621002.00,-73.327857,45.745997
4621003.00,2021S05074621003.00,-74.192446,45.30735
4621004.00,2021S05074621004.00,-74.237442,45.271798
4621005.00,2021S05074621005.00,-74.27861,45.247453
4620704.08,2021S05074620704.08,-73.879576,45.623229
4620704.09,2021S05074620704.09,-73.854694,45.628035
4620325.05,2021S05074620325.05,-73.614745,45.441069
4620325.06,2021S05074620325.06,-73.60872,45.434782
4620593.01,2021S05074620593.01,-73.561986,45.598955
4620593.02,2021S05074620593.02,-73.55232,45.594009
4620100.01,2021S05074620100.01,-73.637451,45.469181
4620100.02,2021S05074620100.02,-73.642017,45.464021
4620291.03,2021S05074620291.03,-73.528973,45.674425
4620291.04,2021S05074620291.04,-73.547042,45.655315
4620413.01,2021S05074620413.01,-73.692291,45.500966
4620413.02,2021S05074620413.02,-73.687175,45.496585
4620317.03,2021S05074620317.03,-73.550589,45.464752
4620187.03,2021S05074620187.03,-73.562163,45.551414
4620187.04,2021S05074620187.04,-73.565701,45.544886
4620929.01,2021S05074620929.01,-73.198836,45.543779
4620929.02,2021S05074620929.02,-73.215474,45.535348
4620855.03,2021S05074620855.03,-73.350549,45.518748
4620855.04,2021S05074620855.04,-73.343172,45.502501
4620677.09,2021S05074620677.09,-73.419978,45.770463
4620677.10,2021S05074620677.10,-73.409748,45.777773
4620777.01,2021S05074620777.01,-73.922347,45.292228
4620777.02,2021S05074620777.02,-73.855082,45.281314
4620643.01,2021S05074620643.01,-73.76904,45.573664
4620643.02,2021S05074620643.02,-73.75067,45.563552
4620643.03,2021S05074620643.03,-73.758751,45.556703
4620652.08,2021S05074620652.08,-73.794852,45.531188
4620652.09,2021S05074620652.09,-73.788035,45.525048
4620656.03,2021S05074620656.03,-73.822971,45.560774
4620656.04,2021S05074620656.04,-73.842018,45.566612
4620659.08,2021S05074620659.08,-73.793766,45.6002
4620659.09,2021S05074620659.09,-73.796042,45.593343
4620661.03,2021S05074620661.03,-73.720356,45.658117
4620661.04,2021S05074620661.04,-73.750313,45.634085
4620804.01,2021S05074620804.01,-73.754282,45.356264
4620804.02,2021S05074620804.02,-73.780742,45.332192
4620701.01,2021S05074620701.01,-73.770248,45.678249
4620701.02,2021S05074620701.02,-73.758942,45.667646
4620758.03,2021S05074620758.03,-74.197074,45.419991
4620758.04,2021S05074620758.04,-74.180886,45.400018
4620758.05,2021S05074620758.05,-74.147009,45.401367
4620758.06,2021S05074620758.06,-74.113006,45.394385
4620740.01,2021S05074620740.01,-74.255659,45.764739
4620750.04,2021S05074620750.04,-73.987471,45.390947
4620903.11,2021S05074620903.11,-73.360589,45.597556
4620903.12,2021S05074620903.12,-73.343746,45.58157
4620858.04,2021S05074620858.04,-73.42335,45.472749
4620858.05,2021S05074620858.05,-73.393032,45.455097
4620876.06,2021S05074620876.06,-73.450854,45.52281
4620876.07,2021S05074620876.07,-73.441233,45.518495
4620750.06,2021S05074620750.06,-73.964557,45.393644
4620750.07,2021S05074620750.07,-73.947729,45.386089
4620825.06,2021S05074620825.06,-73.44533,45.465306
4620825.07,2021S05074620825.07,-73.435658,45.46022
4620825.08,2021S05074620825.08,-73.406744,45.438831
4620685.07,2021S05074620685.07,-73.615331,45.758954
4620684.08,2021S05074620684.08,-73.587485,45.702234
4620684.09,2021S05074620684.09,-73.550482,45.711281
4620734.06,2021S05074620734.06,-74.085663,45.711801
4620734.07,2021S05074620734.07,-74.039618,45.68623
4620650.04,2021S05074620650.04,-73.780484,45.539074
4620650.05,2021S05074620650.05,-73.766885,45.545927
4620681.00,2021S05074620681.00,-73.359064,45.826592
4620833.00,2021S05074620833.00,-73.458611,45.340095
4620012.01,2021S05074620012.01,-73.539945,45.580317
4620012.02,2021S05074620012.02,-73.538595,45.57733
4620097.01,2021S05074620097.01,-73.621286,45.466037
4620097.02,2021S05074620097.02,-73.633863,45.459266
4620283.01,2021S05074620283.01,-73.687994,45.533495
4620283.02,2021S05074620283.02,-73.695363,45.536808
4620322.02,2021S05074620322.02,-73.614525,45.420216
4620325.01,2021S05074620325.01,-73.633724,45.427568
4620325.02,2021S05074620325.02,-73.621811,45.428534
4620325.03,2021S05074620325.03,-73.621852,45.433415
4620326.01,2021S05074620326.01,-73.619796,45.44746
4620326.02,2021S05074620326.02,-73.644307,45.433232
4620328.00,2021S05074620328.00,-73.652732,45.43283
4620395.01,2021S05074620395.01,-73.700143,45.457079
4620395.02,2021S05074620395.02,-73.689071,45.442249
4620395.03,2021S05074620395.03,-73.696223,45.443226
4620520.02,2021S05074620520.02,-73.79626,45.497577
4620590.01,2021S05074620590.01,-73.546229,45.617753
4620590.02,2021S05074620590.02,-73.549999,45.611094
4620591.01,2021S05074620591.01,-73.543566,45.602469
4620591.02,2021S05074620591.02,-73.549976,45.603861
4620603.01,2021S05074620603.01,-73.596387,45.583251
4620603.02,2021S05074620603.02,-73.599426,45.57695
4620604.01,2021S05074620604.01,-73.607736,45.593478
4620604.02,2021S05074620604.02,-73.615079,45.581758
4620605.01,2021S05074620605.01,-73.583332,45.595848
4620605.02,2021S05074620605.02,-73.59823,45.593459
4620610.01,2021S05074620610.01,-73.610774,45.61026
4620610.02,2021S05074620610.02,-73.619115,45.610631
4620610.03,2021S05074620610.03,-73.62625,45.618553
4620610.04,2021S05074620610.04,-73.62092,45.620479
4620611.01,2021S05074620611.01,-73.62185,45.598174
4620611.02,2021S05074620611.02,-73.625694,45.602345
4620617.01,2021S05074620617.01,-73.629135,45.611238
4620617.02,2021S05074620617.02,-73.634151,45.607097
4620630.01,2021S05074620630.01,-73.673508,45.591823
4620630.02,2021S05074620630.02,-73.681801,45.598598
4620632.01,2021S05074620632.01,-73.71799,45.600516
4620632.02,2021S05074620632.02,-73.729769,45.597885
4620638.01,2021S05074620638.01,-73.703127,45.567475
4620638.02,2021S05074620638.02,-73.694518,45.565448
4620638.03,2021S05074620638.03,-73.689834,45.561794
4620646.01,2021S05074620646.01,-73.740974,45.540234
4620646.02,2021S05074620646.02,-73.731941,45.544009
4620646.03,2021S05074620646.03,-73.727499,45.538779
4620650.01,2021S05074620650.01,-73.766659,45.538169
4620650.02,2021S05074620650.02,-73.755931,45.542962
4620652.01,2021S05074620652.01,-73.7938,45.519571
4620700.01,2021S05074620700.01,-73.628717,45.697225
4620756.02,2021S05074620756.02,-74.206492,45.44729
4620757.00,2021S05074620757.00,-74.155075,45.456118
4620775.00,2021S05074620775.00,-73.799035,45.342687
4620825.02,2021S05074620825.02,-73.450899,45.47073
4620825.03,2021S05074620825.03,-73.461275,45.47591
4620825.04,2021S05074620825.04,-73.479859,45.469335
4620740.03,2021S05074620740.03,-74.143948,45.759843
4620827.02,2021S05074620827.02,-73.496893,45.416768
4620852.02,2021S05074620852.02,-73.266361,45.400772
4620857.01,2021S05074620857.01,-73.417194,45.495203
4620857.02,2021S05074620857.02,-73.422985,45.493049
4620868.01,2021S05074620868.01,-73.458673,45.495056
4620868.02,2021S05074620868.02,-73.468234,45.495334
4620879.01,2021S05074620879.01,-73.488361,45.528428
4620879.02,2021S05074620879.02,-73.499034,45.532705
4620881.01,2021S05074620881.01,-73.499505,45.523094
4620881.02,2021S05074620881.02,-73.499794,45.520054
4620889.01,2021S05074620889.01,-73.449039,45.608829
4620889.02,2021S05074620889.02,-73.435497,45.629403
4620889.03,2021S05074620889.03,-73.446038,45.634377
4620740.04,2021S05074620740.04,-74.134882,45.720572
4620684.10,2021S05074620684.10,-73.608718,45.712772
4620684.11,2021S05074620684.11,-73.604969,45.701911
4620888.01,2021S05074620888.01,-73.396472,45.590784
4620888.02,2021S05074620888.02,-73.435195,45.601622
4620888.03,2021S05074620888.03,-73.424179,45.592762
4620687.09,2021S05074620687.09,-73.720927,45.73342
4620065.01,2021S05074620065.01,-73.581276,45.494308
4620065.02,2021S05074620065.02,-73.585068,45.491265
4620066.01,2021S05074620066.01,-73.57715,45.492191
4620066.02,2021S05074620066.02,-73.580873,45.489185
4620115.01,2021S05074620115.01,-73.620156,45.488203
4620115.02,2021S05074620115.02,-73.615111,45.493315
4620188.01,2021S05074620188.01,-73.566342,45.556912
4620188.02,2021S05074620188.02,-73.559055,45.554548
4620195.01,2021S05074620195.01,-73.567732,45.578579
4620195.02,2021S05074620195.02,-73.561861,45.583977
4620223.01,2021S05074620223.01,-73.645437,45.531618
4620223.02,2021S05074620223.02,-73.639985,45.530171
4620251.01,2021S05074620251.01,-73.60295,45.559221
4620251.02,2021S05074620251.02,-73.601245,45.561159
4620290.01,2021S05074620290.01,-73.591504,45.624171
4620290.02,2021S05074620290.02,-73.577263,45.634386
4620324.01,2021S05074620324.01,-73.637397,45.418758
4620324.02,2021S05074620324.02,-73.632249,45.423682
4620382.01,2021S05074620382.01,-73.660321,45.470809
4620382.02,2021S05074620382.02,-73.672936,45.459461
4620462.01,2021S05074620462.01,-73.851003,45.439185
4620462.02,2021S05074620462.02,-73.881745,45.433521
4620470.01,2021S05074620470.01,-73.856719,45.447123
4620512.02,2021S05074620512.02,-73.850786,45.504723
4620514.01,2021S05074620514.01,-73.855978,45.482361
4620514.02,2021S05074620514.02,-73.866429,45.470418
4620521.01,2021S05074620521.01,-73.834794,45.478786
4620582.01,2021S05074620582.01,-73.498314,45.653763
4620582.02,2021S05074620582.02,-73.499537,45.648006
4620600.01,2021S05074620600.01,-73.571463,45.591077
4620600.02,2021S05074620600.02,-73.571083,45.584804
4620600.03,2021S05074620600.03,-73.580739,45.586811
4620601.01,2021S05074620601.01,-73.577342,45.580887
4620601.02,2021S05074620601.02,-73.58404,45.572731
4620602.01,2021S05074620602.01,-73.586422,45.578891
4620602.02,2021S05074620602.02,-73.59177,45.572696
4620603.03,2021S05074620603.03,-73.603739,45.580655
4620604.03,2021S05074620604.03,-73.607549,45.58556
4620604.04,2021S05074620604.04,-73.619288,45.587161
4620604.05,2021S05074620604.05,-73.615068,45.591983
4620605.03,2021S05074620605.03,-73.593039,45.600472
4620605.04,2021S05074620605.04,-73.604785,45.603471
4620605.05,2021S05074620605.05,-73.590363,45.587109
4620610.05,2021S05074620610.05,-73.615514,45.61901
4620610.06,2021S05074620610.06,-73.612685,45.616201
4620628.01,2021S05074620628.01,-73.659482,45.602287
4620628.02,2021S05074620628.02,-73.667791,45.60295
4620638.04,2021S05074620638.04,-73.702971,45.559909
4620641.01,2021S05074620641.01,-73.714801,45.559461
4620641.02,2021S05074620641.02,-73.721079,45.554352
4620657.01,2021S05074620657.01,-73.789858,45.578284
4620657.02,2021S05074620657.02,-73.803382,45.571288
4620658.01,2021S05074620658.01,-73.798539,45.585961
4620658.02,2021S05074620658.02,-73.808776,45.582742
4620658.03,2021S05074620658.03,-73.818507,45.589121
4620661.01,2021S05074620661.01,-73.762236,45.638775
4620676.01,2021S05074620676.01,-73.471965,45.723125
4620676.02,2021S05074620676.02,-73.476603,45.729858
4620676.03,2021S05074620676.03,-73.45976,45.738438
4620676.04,2021S05074620676.04,-73.470376,45.742383
4620687.01,2021S05074620687.01,-73.671219,45.700964
4620704.01,2021S05074620704.01,-73.824835,45.622613
4620825.05,2021S05074620825.05,-73.487759,45.474508
4620826.02,2021S05074620826.02,-73.456745,45.457147
4620855.01,2021S05074620855.01,-73.37235,45.52298
4620858.01,2021S05074620858.01,-73.431725,45.483958
4620858.02,2021S05074620858.02,-73.441975,45.479621
4620860.01,2021S05074620860.01,-73.449145,45.48909
4620860.02,2021S05074620860.02,-73.471069,45.482638
4620863.01,2021S05074620863.01,-73.503826,45.490265
4620863.02,2021S05074620863.02,-73.505622,45.500411
4620870.01,2021S05074620870.01,-73.465415,45.509296
4620870.02,2021S05074620870.02,-73.459469,45.516768
4620871.01,2021S05074620871.01,-73.469952,45.520255
4620871.02,2021S05074620871.02,-73.47315,45.514988
4620873.01,2021S05074620873.01,-73.48329,45.518607
4620873.02,2021S05074620873.02,-73.479403,45.524168
4620876.01,2021S05074620876.01,-73.460069,45.525833
4620884.01,2021S05074620884.01,-73.522066,45.52658
4620884.02,2021S05074620884.02,-73.513115,45.533147
4620725.09,2021S05074620725.09,-73.92184,45.573938
4620903.01,2021S05074620903.01,-73.317315,45.571482
4620725.10,2021S05074620725.10,-73.902761,45.578712
4620070.01,2021S05074620070.01,-73.556398,45.497829
4620070.02,2021S05074620070.02,-73.559349,45.494607
4620069.01,2021S05074620069.01,-73.565763,45.495363
4620069.02,2021S05074620069.02,-73.56203,45.490681
4620732.03,2021S05074620732.03,-74.118001,45.492834
4620732.04,2021S05074620732.04,-74.069983,45.495032
4620101.01,2021S05074620101.01,-73.648459,45.466331
4620101.02,2021S05074620101.02,-73.643946,45.471303
4620129.01,2021S05074620129.01,-73.583251,45.499581
4620129.02,2021S05074620129.02,-73.578523,45.503576
4620195.03,2021S05074620195.03,-73.56091,45.591034
4620287.01,2021S05074620287.01,-73.718585,45.52944
4620287.02,2021S05074620287.02,-73.728757,45.526116
4620290.03,2021S05074620290.03,-73.602359,45.629469
4620290.04,2021S05074620290.04,-73.568605,45.648529
4620326.03,2021S05074620326.03,-73.635368,45.438054
4620383.01,2021S05074620383.01,-73.6753,45.467225
4620383.02,2021S05074620383.02,-73.668208,45.477934
4620410.01,2021S05074620410.01,-73.681088,45.524378
4620410.02,2021S05074620410.02,-73.672553,45.517326
4620522.01,2021S05074620522.01,-73.842326,45.469619
4620522.02,2021S05074620522.02,-73.847654,45.476523
4620594.01,2021S05074620594.01,-73.571837,45.602289
4620594.02,2021S05074620594.02,-73.573936,45.617037
4620610.07,2021S05074620610.07,-73.620169,45.624198
4620632.03,2021S05074620632.03,-73.704905,45.599023
4620647.01,2021S05074620647.01,-73.751852,45.522879
4620647.02,2021S05074620647.02,-73.745908,45.531443
4620649.01,2021S05074620649.01,-73.765776,45.521134
4620649.02,2021S05074620649.02,-73.771397,45.529843
4620655.01,2021S05074620655.01,-73.875745,45.550006
4620655.02,2021S05074620655.02,-73.866009,45.544491
4620677.01,2021S05074620677.01,-73.435636,45.751171
4620677.02,2021S05074620677.02,-73.444896,45.754791
4620685.02,2021S05074620685.02,-73.582792,45.778699
4620703.02,2021S05074620703.02,-73.806956,45.627503
4620726.01,2021S05074620726.01,-73.883713,45.566851
4620751.01,2021S05074620751.01,-73.983389,45.38196
4620751.02,2021S05074620751.02,-73.980942,45.366998
4620756.03,2021S05074620756.03,-74.07491,45.408505
4620853.02,2021S05074620853.02,-73.267043,45.537291
4620854.01,2021S05074620854.01,-73.327914,45.527232
4620854.02,2021S05074620854.02,-73.333367,45.548949
4620901.01,2021S05074620901.01,-73.211631,45.568316
4620901.02,2021S05074620901.02,-73.203884,45.578346
4620901.03,2021S05074620901.03,-73.218075,45.587296
4620930.02,2021S05074620930.02,-73.170878,45.593324
4620776.00,2021S05074620776.00,-73.83729,45.316686
4620834.00,2021S05074620834.00,-73.681634,45.295188
4620659.10,2021S05074620659.10,-73.769619,45.619478
4620659.11,2021S05074620659.11,-73.781455,45.609328
4620828.05,2021S05074620828.05,-73.499703,45.384223
4620828.06,2021S05074620828.06,-73.508598,45.360496
4620120.01,2021S05074620120.01,-73.660153,45.49164
4620120.02,2021S05074620120.02,-73.652609,45.488701
4620710.05,2021S05074620710.05,-73.847012,45.69324
4620710.06,2021S05074620710.06,-73.876357,45.684499
4620826.13,2021S05074620826.13,-73.466913,45.440253
4620734.03,2021S05074620734.03,-74.00273,45.628327
4620734.04,2021S05074620734.04,-73.953194,45.626926
4620734.05,2021S05074620734.05,-73.929828,45.664249
4620710.07,2021S05074620710.07,-73.90876,45.681909
4620710.08,2021S05074620710.08,-73.893458,45.676053
4620710.09,2021S05074620710.09,-73.816253,45.665746
4620710.10,2021S05074620710.10,-73.816193,45.656128
4620710.11,2021S05074620710.11,-73.816939,45.649741
4620831.08,2021S05074620831.08,-73.59134,45.373585
4620831.09,2021S05074620831.09,-73.56426,45.364979
4620094.01,2021S05074620094.01,-73.619581,45.462672
4620094.02,2021S05074620094.02,-73.613559,45.460351
4620014.02,2021S05074620014.02,-73.549746,45.56185
4620112.01,2021S05074620112.01,-73.64521,45.494285
4620112.02,2021S05074620112.02,-73.637626,45.490875
4620055.01,2021S05074620055.01,-73.554233,45.507159
4620055.02,2021S05074620055.02,-73.54722,45.498339
4620190.01,2021S05074620190.01,-73.552993,45.577444
4620190.02,2021S05074620190.02,-73.557446,45.571611
4620290.05,2021S05074620290.05,-73.607411,45.625224
4620187.01,2021S05074620187.01,-73.558276,45.545717
4620127.01,2021S05074620127.01,-73.621506,45.499582
4620127.02,2021S05074620127.02,-73.606683,45.500903
4620290.06,2021S05074620290.06,-73.588328,45.638048
4620290.07,2021S05074620290.07,-73.579474,45.643925
4620290.08,2021S05074620290.08,-73.589275,45.646148
4620581.01,2021S05074620581.01,-73.495783,45.662741
4620581.02,2021S05074620581.02,-73.50366,45.664794
4620290.09,2021S05074620290.09,-73.598538,45.63547
4620580.01,2021S05074620580.01,-73.496334,45.676669
4620580.02,2021S05074620580.02,-73.494141,45.69016
4620585.01,2021S05074620585.01,-73.50493,45.687428
4620585.02,2021S05074620585.02,-73.520216,45.654277
4620264.01,2021S05074620264.01,-73.642928,45.557429
4620264.02,2021S05074620264.02,-73.631828,45.553981
4620268.01,2021S05074620268.01,-73.673338,45.536798
4620268.02,2021S05074620268.02,-73.672862,45.533429
4620268.03,2021S05074620268.03,-73.656848,45.532829
4620677.05,2021S05074620677.05,-73.454368,45.757756
4620702.01,2021S05074620702.01,-73.77396,45.661132
4620702.02,2021S05074620702.02,-73.788823,45.671533
4620687.04,2021S05074620687.04,-73.660899,45.706999
4620806.01,2021S05074620806.01,-73.706558,45.35935
4620806.02,2021S05074620806.02,-73.700932,45.347174
4620682.02,2021S05074620682.02,-73.501557,45.75264
4620904.02,2021S05074620904.02,-73.443761,45.692717
4620637.01,2021S05074620637.01,-73.715847,45.583551
4620637.02,2021S05074620637.02,-73.706974,45.573974
4620625.01,2021S05074620625.01,-73.563176,45.677876
4620625.02,2021S05074620625.02,-73.587243,45.66944
4620656.01,2021S05074620656.01,-73.844253,45.552835
4620632.04,2021S05074620632.04,-73.72159,45.612876
4620657.03,2021S05074620657.03,-73.812553,45.564429
4620660.01,2021S05074620660.01,-73.746769,45.614722
4620660.02,2021S05074620660.02,-73.73822,45.619037
4620660.03,2021S05074620660.03,-73.730111,45.624539
4620550.02,2021S05074620550.02,-73.909176,45.486518
4620470.03,2021S05074620470.03,-73.891052,45.443772
4620453.01,2021S05074620453.01,-73.810266,45.459186
4620453.02,2021S05074620453.02,-73.810946,45.469197
4620410.03,2021S05074620410.03,-73.662011,45.520121
4620417.01,2021S05074620417.01,-73.70037,45.522426
4620417.02,2021S05074620417.02,-73.693615,45.515967
4621006.01,2021S05074621006.01,-73.789481,45.871968
4621006.02,2021S05074621006.02,-73.743259,45.830398
4621006.03,2021S05074621006.03,-73.740876,45.815796
4620755.03,2021S05074620755.03,-74.050756,45.394116
4620755.04,2021S05074620755.04,-74.028707,45.389237
4620755.05,2021S05074620755.05,-74.042376,45.381546
4620580.03,2021S05074620580.03,-73.486145,45.692794
4620690.00,2021S05074620690.00,-73.326898,45.90598
4620691.00,2021S05074620691.00,-73.283991,45.884983
4620693.00,2021S05074620693.00,-73.423551,45.825533
4620760.00,2021S05074620760.00,-74.091879,45.339154
4620781.00,2021S05074620781.00,-74.003356,45.769963
4620782.00,2021S05074620782.00,-74.019907,45.77221
4620783.00,2021S05074620783.00,-74.02323,45.790903
4620784.00,2021S05074620784.00,-74.00305,45.78865
4620785.00,2021S05074620785.00,-73.981893,45.794546
4620786.00,2021S05074620786.00,-73.985491,45.7577
4620788.00,2021S05074620788.00,-74.007161,45.801188
4620792.00,2021S05074620792.00,-74.088407,45.81087
4622200.00,2021S05074622200.00,-73.294758,45.340378
4622201.00,2021S05074622201.00,-73.304444,45.355823
4622202.00,2021S05074622202.00,-73.277956,45.350118
4622203.00,2021S05074622203.00,-73.257492,45.363419
4622204.00,2021S05074622204.00,-73.2723,45.371296
4622205.00,2021S05074622205.00,-73.295914,45.3648
4622206.00,2021S05074622206.00,-73.323314,45.369271
4622207.00,2021S05074622207.00,-73.370976,45.390037
4622100.00,2021S05074622100.00,-73.31804,45.300066
4622102.00,2021S05074622102.00,-73.363651,45.309708
4622103.00,2021S05074622103.00,-73.384079,45.371509
4622400.00,2021S05074622400.00,-73.214235,45.313911
4622401.00,2021S05074622401.00,-73.236391,45.278234
4622300.00,2021S05074622300.00,-73.238637,45.297743
4622301.00,2021S05074622301.00,-73.239056,45.307381
4622302.00,2021S05074622302.00,-73.22787,45.306792
4622303.00,2021S05074622303.00,-73.215879,45.305763
4622304.00,2021S05074622304.00,-73.240889,45.31402
4622001.00,2021S05074622001.00,-73.256533,45.270494
4622002.00,2021S05074622002.00,-73.290587,45.268397
4622003.00,2021S05074622003.00,-73.282025,45.296595
4622004.00,2021S05074622004.00,-73.271997,45.300389
4622005.00,2021S05074622005.00,-73.260803,45.29741
4622006.00,2021S05074622006.00,-73.250851,45.296175
4622007.00,2021S05074622007.00,-73.251629,45.306018
4622008.00,2021S05074622008.00,-73.261123,45.306075
4622009.00,2021S05074622009.00,-73.295238,45.308308
4622010.00,2021S05074622010.00,-73.283428,45.316554
4622011.00,2021S05074622011.00,-73.257749,45.31205
4622012.00,2021S05074622012.00,-73.25958,45.319889
4622013.00,2021S05074622013.00,-73.274988,45.322203
4622014.00,2021S05074622014.00,-73.280742,45.334156
4622015.00,2021S05074622015.00,-73.268076,45.333582
4622101.00,2021S05074622101.00,-73.337878,45.306851
4622402.00,2021S05074622402.00,-73.235712,45.319153
4620780.00,2021S05074620780.00,-73.989641,45.778546
4620322.03,2021S05074620322.03,-73.602484,45.425393
4620322.04,2021S05074620322.04,-73.607284,45.42246
4620470.04,2021S05074620470.04,-73.870555,45.452325
4620470.05,2021S05074620470.05,-73.854575,45.460535
4620550.03,2021S05074620550.03,-73.871482,45.507751
4620550.04,2021S05074620550.04,-73.887315,45.502898
4620688.02,2021S05074620688.02,-73.820654,45.761603
4620703.03,2021S05074620703.03,-73.786021,45.649896
4620703.04,2021S05074620703.04,-73.798168,45.643433
4620710.03,2021S05074620710.03,-73.895854,45.688979
4620730.01,2021S05074620730.01,-73.944436,45.534775
4620730.02,2021S05074620730.02,-73.936653,45.52513
4620732.01,2021S05074620732.01,-74.016633,45.532344
4620735.01,2021S05074620735.01,-73.936135,45.7411
4620735.02,2021S05074620735.02,-73.899751,45.711147
4620750.01,2021S05074620750.01,-73.898983,45.371048
4620750.02,2021S05074620750.02,-73.946364,45.369243
4620756.04,2021S05074620756.04,-74.025548,45.403136
4620756.05,2021S05074620756.05,-74.039375,45.401236
4620853.03,2021S05074620853.03,-73.301106,45.522361
4620853.04,2021S05074620853.04,-73.28314,45.502991
4620857.06,2021S05074620857.06,-73.412858,45.505308
4620857.07,2021S05074620857.07,-73.37035,45.490616
4620857.08,2021S05074620857.08,-73.378471,45.480763
4620857.09,2021S05074620857.09,-73.406262,45.484383
4620857.10,2021S05074620857.10,-73.375396,45.466728
4620857.11,2021S05074620857.11,-73.443369,45.502436
4620857.12,2021S05074620857.12,-73.430887,45.497043
4620887.03,2021S05074620887.03,-73.469318,45.60541
4620887.04,2021S05074620887.04,-73.449691,45.595014
4620926.01,2021S05074620926.01,-73.22658,45.409483
4620926.02,2021S05074620926.02,-73.225008,45.482781
4620416.01,2021S05074620416.01,-73.72484,45.521592
4620416.02,2021S05074620416.02,-73.720744,45.517509
4620415.03,2021S05074620415.03,-73.701632,45.502588
4620415.04,2021S05074620415.04,-73.694936,45.507514
4620708.01,2021S05074620708.01,-73.822927,45.641097
4620708.02,2021S05074620708.02,-73.830658,45.649769
4620291.01,2021S05074620291.01,-73.562306,45.657511
4620651.01,2021S05074620651.01,-73.777703,45.549726
4620651.02,2021S05074620651.02,-73.790344,45.558465
4620659.04,2021S05074620659.04,-73.760521,45.603194
4620659.05,2021S05074620659.05,-73.77866,45.591487
4620659.06,2021S05074620659.06,-73.787612,45.617435
4620677.07,2021S05074620677.07,-73.431939,45.769811
4620705.01,2021S05074620705.01,-73.869117,45.655357
4620705.02,2021S05074620705.02,-73.85682,45.645834
4620725.03,2021S05074620725.03,-73.868157,45.577128
4620725.04,2021S05074620725.04,-73.859122,45.585906
4620725.06,2021S05074620725.06,-73.947581,45.577922
4620726.03,2021S05074620726.03,-73.897927,45.569237
4620726.04,2021S05074620726.04,-73.883462,45.574573
4620727.01,2021S05074620727.01,-73.904614,45.562354
4620727.02,2021S05074620727.02,-73.902333,45.556542
4620830.01,2021S05074620830.01,-73.584199,45.399634
4620930.03,2021S05074620930.03,-73.185522,45.527529
4620930.04,2021S05074620930.04,-73.161895,45.556652
4620512.03,2021S05074620512.03,-73.829386,45.51427
4620512.04,2021S05074620512.04,-73.835173,45.50929
4620513.01,2021S05074620513.01,-73.831502,45.50344
4620513.02,2021S05074620513.02,-73.841327,45.49589
4620515.01,2021S05074620515.01,-73.91787,45.457149
4620515.02,2021S05074620515.02,-73.887535,45.459437
4620515.03,2021S05074620515.03,-73.875364,45.460315
4620515.04,2021S05074620515.04,-73.881674,45.464724
4620520.03,2021S05074620520.03,-73.78117,45.494188
4620520.04,2021S05074620520.04,-73.79302,45.48813
4620682.04,2021S05074620682.04,-73.468921,45.758202
4620682.05,2021S05074620682.05,-73.468029,45.762876
4620682.06,2021S05074620682.06,-73.458513,45.77073
4620684.05,2021S05074620684.05,-73.641903,45.717529
4620685.03,2021S05074620685.03,-73.594182,45.731956
4620685.04,2021S05074620685.04,-73.606905,45.736386
4620685.05,2021S05074620685.05,-73.602805,45.759649
4620686.01,2021S05074620686.01,-73.663245,45.762981
4620686.02,2021S05074620686.02,-73.660767,45.741339
4620686.03,2021S05074620686.03,-73.658885,45.729426
4620687.06,2021S05074620687.06,-73.691247,45.717422
4620687.07,2021S05074620687.07,-73.66627,45.718564
4620689.01,2021S05074620689.01,-73.70221,45.764649
4620689.02,2021S05074620689.02,-73.715883,45.772922
4620689.04,2021S05074620689.04,-73.751878,45.795269
4620700.03,2021S05074620700.03,-73.644283,45.705488
4620700.04,2021S05074620700.04,-73.644109,45.696262
4620704.04,2021S05074620704.04,-73.834931,45.618628
4620704.05,2021S05074620704.05,-73.847766,45.603805
4620704.06,2021S05074620704.06,-73.833237,45.598712
4620709.01,2021S05074620709.01,-73.879156,45.667384
4620709.02,2021S05074620709.02,-73.852605,45.657669
4620728.01,2021S05074620728.01,-73.909025,45.550966
4620728.02,2021S05074620728.02,-73.910693,45.539651
4620728.03,2021S05074620728.03,-73.897314,45.544762
4620800.01,2021S05074620800.01,-73.73369,45.379511
4620800.02,2021S05074620800.02,-73.726297,45.367121
4620826.05,2021S05074620826.05,-73.489344,45.461759
4620826.06,2021S05074620826.06,-73.4731,45.46007
4620826.07,2021S05074620826.07,-73.49006,45.451082
4620826.08,2021S05074620826.08,-73.477392,45.453407
4620826.09,2021S05074620826.09,-73.48304,45.445445
4620826.10,2021S05074620826.10,-73.485178,45.437723
4620826.11,2021S05074620826.11,-73.461059,45.448477
4620828.03,2021S05074620828.03,-73.52565,45.380637
4620828.04,2021S05074620828.04,-73.52165,45.397237
4620877.01,2021S05074620877.01,-73.463844,45.549524
4620877.02,2021S05074620877.02,-73.481248,45.543041
4620886.01,2021S05074620886.01,-73.467648,45.568987
4620886.02,2021S05074620886.02,-73.487048,45.555214
4620886.03,2021S05074620886.03,-73.485955,45.573525
4620903.04,2021S05074620903.04,-73.333505,45.591962
4620903.05,2021S05074620903.05,-73.346008,45.593271
4620903.08,2021S05074620903.08,-73.342594,45.601487
4620903.09,2021S05074620903.09,-73.280683,45.652401
4620903.10,2021S05074620903.10,-73.311015,45.662407
4620904.03,2021S05074620904.03,-73.381735,45.675992
4620904.04,2021S05074620904.04,-73.420574,45.67678
4620904.05,2021S05074620904.05,-73.42844,45.682341
4620904.06,2021S05074620904.06,-73.4169,45.685559
4620521.04,2021S05074620521.04,-73.820955,45.495688
4620521.05,2021S05074620521.05,-73.83821,45.488207
4620521.06,2021S05074620521.06,-73.815703,45.4877
4620521.07,2021S05074620521.07,-73.816415,45.479871
4620807.01,2021S05074620807.01,-73.72887,45.326688
4620807.02,2021S05074620807.02,-73.75122,45.294481
4620827.03,2021S05074620827.03,-73.469512,45.416936
4620827.04,2021S05074620827.04,-73.433869,45.394578
4620831.03,2021S05074620831.03,-73.564844,45.380564
4620831.04,2021S05074620831.04,-73.5802,45.38359
4620831.05,2021S05074620831.05,-73.590614,45.388419
4620850.03,2021S05074620850.03,-73.295892,45.440443
4620850.04,2021S05074620850.04,-73.293783,45.417553
4620850.05,2021S05074620850.05,-73.267766,45.426112
4620876.04,2021S05074620876.04,-73.440933,45.532374
4620876.05,2021S05074620876.05,-73.443175,45.548389
4620831.07,2021S05074620831.07,-73.569245,45.33012
4620415.07,2021S05074620415.07,-73.712986,45.514859
4620415.08,2021S05074620415.08,-73.715107,45.483866
4620415.09,2021S05074620415.09,-73.745188,45.495787
4620415.10,2021S05074620415.10,-73.727887,45.507333
4620317.05,2021S05074620317.05,-73.54854,45.458031
4620317.06,2021S05074620317.06,-73.554445,45.451779
4620014.03,2021S05074620014.03,-73.542277,45.560457
4620014.04,2021S05074620014.04,-73.545223,45.555033
4620317.07,2021S05074620317.07,-73.539867,45.468236
4620317.08,2021S05074620317.08,-73.54332,45.459053
4620194.01,2021S05074620194.01,-73.53446,45.612884
4620194.02,2021S05074620194.02,-73.535808,45.609087
4620421.03,2021S05074620421.03,-73.67001,45.52784
4620421.04,2021S05074620421.04,-73.675024,45.527958
4620421.05,2021S05074620421.05,-73.675969,45.530255
4620421.06,2021S05074620421.06,-73.677374,45.530766
4620826.15,2021S05074620826.15,-73.434962,45.427584
4620826.16,2021S05074620826.16,-73.444401,45.443425
4620682.07,2021S05074620682.07,-73.503087,45.789251
4620682.08,2021S05074620682.08,-73.475195,45.778782
4620677.11,2021S05074620677.11,-73.443499,45.77877
4620677.12,2021S05074620677.12,-73.436629,45.777311
4620677.13,2021S05074620677.13,-73.417606,45.788458
4620677.14,2021S05074620677.14,-73.424294,45.777856
4620852.03,2021S05074620852.03,-73.285874,45.471588
4620852.04,2021S05074620852.04,-73.320957,45.474522
4620852.05,2021S05074620852.05,-73.345775,45.418276
4620687.11,2021S05074620687.11,-73.777123,45.705875
4620687.12,2021S05074620687.12,-73.791097,45.691225
4620687.13,2021S05074620687.13,-73.735214,45.685676
4620687.14,2021S05074620687.14,-73.7115,45.698348
4620684.12,2021S05074620684.12,-73.531171,45.736652
4620684.13,2021S05074620684.13,-73.519542,45.717909
4620684.14,2021S05074620684.14,-73.500044,45.715056
4620689.05,2021S05074620689.05,-73.731475,45.761755
4620689.06,2021S05074620689.06,-73.711404,45.759872
4620692.01,2021S05074620692.01,-73.428564,45.83899
4620692.02,2021S05074620692.02,-73.4206,45.838764
4620694.01,2021S05074620694.01,-73.442609,45.901899
4620694.02,2021S05074620694.02,-73.422683,45.878435
4620787.01,2021S05074620787.01,-73.966693,45.786365
4620787.02,2021S05074620787.02,-73.980688,45.769649
4620789.01,2021S05074620789.01,-74.018543,45.820059
4620789.02,2021S05074620789.02,-73.988747,45.806728
4620790.01,2021S05074620790.01,-74.053452,45.778946
4620790.02,2021S05074620790.02,-74.026181,45.756808
4620791.01,2021S05074620791.01,-74.040525,45.798722
4620791.02,2021S05074620791.02,-74.051517,45.812816
4620850.06,2021S05074620850.06,-73.305963,45.442964
4620850.07,2021S05074620850.07,-73.314701,45.43041
4620805.01,2021S05074620805.01,-73.737755,45.352813
4620805.02,2021S05074620805.02,-73.725454,45.352046
4620685.09,2021S05074620685.09,-73.619615,45.739667
4620685.10,2021S05074620685.10,-73.62569,45.731395
4620685.11,2021S05074620685.11,-73.627956,45.724739
4621009.00,2021S05074621009.00,-73.607645,45.845469
