ct_code,dguid,geo_name,population_2021,low_income_pct,seniors_65plus_pct,recent_immigrant_pct,no_official_language_pct,shelter_cost_burden_pct,indigenous_identity_pct,indigenous_identity_count,total_indigenous_identity_universe
4620001,2021S05074620001.00,4620001,2684,14.5,16.8,2.92,1.14,23.91,1.36,35,2570
4620002,2021S05074620002.00,4620002,3780,17.4,16.3,4.22,0.66,22.37,2.64,100,3790
4620003,2021S05074620003.00,4620003,6600,15.8,18.1,3.92,1.68,19.93,1.28,85,6640
4620004,2021S05074620004.00,4620004,3355,14,18.2,5.7,0.9,24.23,1.9,60,3160
4620005,2021S05074620005.00,4620005,3175,16.1,18.4,2.99,0.63,22.56,1.89,60,3180
4620006,2021S05074620006.00,4620006,4611,17.2,13.5,5.55,1.85,19.32,1.85,85,4595
4620007,2021S05074620007.00,4620007,5655,13.9,19.1,2.92,0.8,17.13,2.39,135,5640
4620008,2021S05074620008.00,4620008,3104,12.7,15.1,1.63,0.64,16.34,3.09,95,3070
4620009,2021S05074620009.00,4620009,3554,14.7,13.3,3.03,1.27,18.29,1.01,35,3465
4620010,2021S05074620010.00,4620010,1494,12.9,14,1.63,1.02,21.48,0.97,15,1540
4620011,2021S05074620011.00,4620011,6439,13.9,25.5,3.58,1.49,18.37,0.79,45,5725
4620012.01,2021S05074620012.01,4620012.01,2547,25.3,19.6,6.2,3.14,21.57,0.58,15,2580
4620012.02,2021S05074620012.02,4620012.02,4163,24.7,20.4,6.91,2.49,24.75,1.51,60,3980
4620013,2021S05074620013.00,4620013,5694,13.6,26.2,5.69,0.93,29.53,0.95,50,5270
4620014.02,2021S05074620014.02,4620014.02,0,,,,,,,,
4620014.03,2021S05074620014.03,4620014.03,3363,22.6,10.9,5.06,1.64,19.43,0.74,25,3360
4620014.04,2021S05074620014.04,4620014.04,4187,14.5,11.5,3.7,0.73,22.68,0.99,40,4055
4620015,2021S05074620015.00,4620015,4089,19,9.8,3,0.5,21.78,1.62,65,4010
4620016,2021S05074620016.00,4620016,2470,18.9,14,2.69,0.22,19.67,1.35,30,2230
4620017,2021S05074620017.00,4620017,2131,17.9,10.8,1.91,0.23,24.79,1.67,35,2095
4620018,2021S05074620018.00,4620018,2013,18.7,10.2,5.21,0,29.31,1.98,40,2020
4620019,2021S05074620019.00,4620019,2398,21,15,2.74,0.84,14.96,1.48,35,2365
4620021,2021S05074620021.00,4620021,3028,24.2,9.4,2.02,0.5,20.92,1.01,30,2965
4620022,2021S05074620022.00,4620022,1527,15.3,8.9,2.68,0.33,23.12,3.33,50,1500
4620023,2021S05074620023.00,4620023,1238,20.2,8.5,5.56,0.81,18.25,0.79,10,1265
4620024,2021S05074620024.00,4620024,2544,18.5,9.4,6.29,0.79,19.71,1.18,30,2540
4620025,2021S05074620025.00,4620025,3018,17.6,10.9,4.75,0.34,25.41,3.87,110,2845
4620026,2021S05074620026.00,4620026,2519,19.5,11.1,4.83,0.79,21.64,2.12,55,2590
4620027,2021S05074620027.00,4620027,1629,15.6,8,5.03,0.31,23.03,0.63,10,1585
4620028,2021S05074620028.00,4620028,2058,14.9,7.5,5.76,0.24,24.45,2.64,55,2085
4620029,2021S05074620029.00,4620029,4027,16.5,11.6,4.45,0.64,19.9,1.65,65,3935
4620030,2021S05074620030.00,4620030,3506,21.6,11.7,6.29,1.44,28.57,1.05,35,3340
4620031,2021S05074620031.00,4620031,2803,20.6,9.6,3.96,1.07,26.81,0.54,15,2775
4620032,2021S05074620032.00,4620032,1497,22.6,7.3,6.46,0.67,29.57,1.02,15,1475
4620033,2021S05074620033.00,4620033,1752,21.7,9.1,7.47,0.86,29.65,0.86,15,1745
4620034,2021S05074620034.00,4620034,2825,23.2,9.2,5.48,2.86,25.66,1.76,50,2835
4620035,2021S05074620035.00,4620035,2015,19.6,7.9,6.53,0.74,23.21,2.26,45,1990
4620036,2021S05074620036.00,4620036,2103,21,5.9,4.22,1.45,26.07,1.24,25,2015
4620037,2021S05074620037.00,4620037,3452,27.4,23.8,4.82,1.16,30.5,0.73,25,3420
4620038,2021S05074620038.00,4620038,1976,25.7,9.1,4.99,1.77,18.65,1.0,20,2005
4620039,2021S05074620039.00,4620039,2142,22.7,10,8.43,0.7,28.83,1.77,40,2255
4620040,2021S05074620040.00,4620040,0,,,,,,,,
4620041,2021S05074620041.00,4620041,1814,22.1,9.6,9.78,0.28,32.02,1.68,30,1790
4620042,2021S05074620042.00,4620042,1145,24,13.5,3.96,0.87,24.66,2.19,25,1140
4620043,2021S05074620043.00,4620043,1385,23.6,8.3,6.53,0.73,35.19,0.82,10,1225
4620044,2021S05074620044.00,4620044,2164,22.3,10.9,5.46,0.69,23.74,1.75,40,2285
4620045,2021S05074620045.00,4620045,1493,22.5,17.4,3.53,0.34,26.37,2.13,30,1410
4620046,2021S05074620046.00,4620046,2143,22.8,8.6,5.3,1.17,28.02,0.69,15,2170
4620047,2021S05074620047.00,4620047,728,19.2,6.9,6.04,0.69,20.25,1.34,10,745
4620048,2021S05074620048.00,4620048,2302,15.3,5.2,6.62,0.65,24.43,1.49,35,2345
4620049,2021S05074620049.00,4620049,1399,24,15.7,8.64,1.07,32.67,0.82,10,1220
4620050,2021S05074620050.00,4620050,1364,31.6,15.8,6.99,1.95,21.53,1.1,15,1360
4620051,2021S05074620051.00,4620051,1907,24,10.2,6.74,1.06,40.29,0.59,10,1700
4620052,2021S05074620052.00,4620052,2208,30.8,14.9,5.04,2.28,25.32,4.8,100,2085
4620053,2021S05074620053.00,4620053,1385,27.2,24.9,7.95,1.08,40.12,1.51,20,1325
4620054,2021S05074620054.00,4620054,1444,19,13.2,7.56,0.71,23.97,0.89,10,1120
4620055.01,2021S05074620055.01,4620055.01,5726,14.6,17.7,5.21,0.71,27.59,0.81,45,5560
4620055.02,2021S05074620055.02,4620055.02,559,9.2,53.6,0,0,29.51,0.0,0,555
4620056,2021S05074620056.00,4620056,1963,31.8,26.8,8.33,14.47,44.3,1.04,20,1920
4620057,2021S05074620057.00,4620057,1963,33.4,23.2,10.22,10.15,35.71,2.87,45,1570
4620058,2021S05074620058.00,4620058,1251,30.7,18.3,11.16,8,28.15,0.0,0,1120
4620059,2021S05074620059.00,4620059,1428,20.4,17.5,6.14,1.4,27.91,1.09,15,1380
4620060,2021S05074620060.00,4620060,1082,49.4,34.3,0,11.57,9.47,0.0,0,1055
4620061,2021S05074620061.00,4620061,1325,22.4,7.2,7.39,0.38,45.32,0.87,10,1155
4620062,2021S05074620062.00,4620062,4679,33.8,6.9,9.94,1.71,54.77,0.44,20,4520
4620063,2021S05074620063.00,4620063,5477,48.7,3.8,16.02,2.74,63.26,0.49,25,5055
4620064,2021S05074620064.00,4620064,1949,44.5,9.7,10.14,1.54,54.26,0.0,0,1775
4620065.01,2021S05074620065.01,4620065.01,6388,43.1,8.7,12.59,2.11,56.19,0.15,10,6595
4620065.02,2021S05074620065.02,4620065.02,3629,38.7,10.9,11.21,2.07,50.75,0.44,15,3390
4620066.01,2021S05074620066.01,4620066.01,3684,38,9.2,9.89,1.63,52.57,0.51,20,3945
4620066.02,2021S05074620066.02,4620066.02,3178,39.9,16.4,9.8,3.51,50.9,1.09,35,3215
4620067,2021S05074620067.00,4620067,1839,26,10.1,3.69,2.75,18.12,1.71,30,1755
4620068,2021S05074620068.00,4620068,1901,31.4,9.7,3.26,2.62,9.4,0.0,0,1685
4620069.01,2021S05074620069.01,4620069.01,4563,22.5,10.6,11.28,2.3,34.3,0.42,20,4750
4620069.02,2021S05074620069.02,4620069.02,4206,13.9,5.2,7.68,1.31,25.59,0.61,25,4105
4620070.01,2021S05074620070.01,4620070.01,3767,14.1,5.2,6.9,0.53,29.91,0.28,10,3555
4620070.02,2021S05074620070.02,4620070.02,5908,13,2.8,10.14,0.85,29.2,0.48,25,5180
4620071,2021S05074620071.00,4620071,0,,,,,,,,
4620072,2021S05074620072.00,4620072,3634,22,11.6,2.94,1.11,14.8,2.54,95,3745
4620073,2021S05074620073.00,4620073,1936,20.9,18,2.75,0.78,31.78,2.75,50,1815
4620074,2021S05074620074.00,4620074,3631,16.4,9,2.46,0.83,20.35,2.46,85,3460
4620075,2021S05074620075.00,4620075,2675,20.2,10.8,3.67,1.12,18.86,1.47,40,2720
4620076,2021S05074620076.00,4620076,3305,21.3,13,5.26,0.93,20.9,1.39,45,3230
4620077,2021S05074620077.00,4620077,4025,20.8,13.9,4.42,1.55,18.66,0.95,40,4195
4620078,2021S05074620078.00,4620078,3955,22,21.4,3.03,2.03,24.06,1.89,75,3965
4620079,2021S05074620079.00,4620079,4579,20.3,12.2,4.63,0.66,23.48,0.76,35,4635
4620080,2021S05074620080.00,4620080,782,12.6,6.4,2.45,0.64,23.38,0.0,0,810
4620081,2021S05074620081.00,4620081,3553,17.1,7,3.81,0.57,26.9,0.73,25,3410
4620082,2021S05074620082.00,4620082,2186,24.4,8.7,3.91,1.62,22.52,1.15,25,2180
4620083,2021S05074620083.00,4620083,3406,17.4,9.1,3.82,0.44,23.22,0.88,30,3405
4620084,2021S05074620084.00,4620084,2793,24.4,28.3,2.43,1.35,25.99,0.61,15,2460
4620085,2021S05074620085.00,4620085,747,18.4,10.1,8.45,2.04,28.36,0.0,0,710
4620086,2021S05074620086.00,4620086,3934,16.2,18.6,3.63,1.53,22.77,1.04,40,3855
4620087,2021S05074620087.00,4620087,3221,19.4,10.9,5.48,1.24,16.77,1.41,45,3195
4620088,2021S05074620088.00,4620088,3585,19.3,20.1,3.44,1.12,22.01,3.29,115,3495
4620089,2021S05074620089.00,4620089,4916,15.6,15.4,4.15,2.85,22.31,1.32,65,4935
4620090,2021S05074620090.00,4620090,4589,20.5,16.3,7.41,3.72,19.44,1.11,50,4520
4620091,2021S05074620091.00,4620091,0,,,,,,,,
4620092,2021S05074620092.00,4620092,5984,18.7,20.6,4.21,3.44,19.29,1.38,80,5815
4620093,2021S05074620093.00,4620093,3253,16.7,13.8,2.35,1.25,24.03,3.28,105,3200
4620094.01,2021S05074620094.01,4620094.01,6306,24.1,12.5,8.9,2.08,24.96,1.43,90,6295
4620094.02,2021S05074620094.02,4620094.02,10,,,,,,,,
4620095,2021S05074620095.00,4620095,2147,20,12.1,4.98,0.99,32.57,1.0,20,2010
4620096,2021S05074620096.00,4620096,2370,15,11.8,4.97,1.27,23.36,1.94,45,2320
4620097.01,2021S05074620097.01,4620097.01,6174,26.2,12.7,8.43,2.59,31.27,1.22,75,6170
4620097.02,2021S05074620097.02,4620097.02,4133,32.1,18,11.02,3.4,37.68,0.65,25,3850
4620098,2021S05074620098.00,4620098,5466,13.7,18.8,5.87,1.65,22.48,0.64,35,5460
4620099,2021S05074620099.00,4620099,5742,19.5,21,6.56,2.52,23.44,0.61,35,5715
4620100.01,2021S05074620100.01,4620100.01,4147,18.7,14.7,7.21,2.29,27.06,0.36,15,4160
4620100.02,2021S05074620100.02,4620100.02,3442,17.2,14.2,7.66,2.91,26.03,0.58,20,3455
4620101.01,2021S05074620101.01,4620101.01,4082,22.5,21.8,7.75,2.82,26.54,0.25,10,4060
4620101.02,2021S05074620101.02,4620101.02,3728,23.6,16.8,11.61,2.22,28.34,0.7,25,3575
4620102,2021S05074620102.00,4620102,4254,13.2,19,4.25,1.41,24.69,1.58,65,4120
4620103,2021S05074620103.00,4620103,2325,9.6,19.6,2.44,0.86,19.27,0.41,10,2455
4620104,2021S05074620104.00,4620104,2818,9.7,19.3,3.37,1.07,15,1.95,55,2815
4620105,2021S05074620105.00,4620105,3425,10.6,17.8,3.65,0.73,21.41,0.88,30,3420
4620106,2021S05074620106.00,4620106,2107,14.2,22.7,8.33,1.06,27.27,1.07,20,1865
4620107,2021S05074620107.00,4620107,1539,20.2,11.1,5.41,1.3,27.98,0.64,10,1570
4620108,2021S05074620108.00,4620108,3947,11,24.2,3.88,0.78,25.54,0.42,15,3610
4620109,2021S05074620109.00,4620109,1907,15.4,17.5,4.36,2.1,25.53,0.0,0,1840
4620110,2021S05074620110.00,4620110,4212,20,11.4,8.97,1.9,29.9,1.23,50,4075
4620111,2021S05074620111.00,4620111,7142,17.4,18.5,6.03,2.25,29.18,0.65,45,6965
4620112.01,2021S05074620112.01,4620112.01,5718,18,12,13,2.98,21.28,0.0,0,5840
4620112.02,2021S05074620112.02,4620112.02,4192,27.6,22.3,16.45,4.43,24.63,0.0,0,4255
4620113,2021S05074620113.00,4620113,4987,17.1,13.7,10.25,2.12,26.92,0.72,35,4880
4620114,2021S05074620114.00,4620114,2183,14.2,16,7.22,1.15,26.2,0.64,15,2355
4620115.01,2021S05074620115.01,4620115.01,2080,15.9,16.6,11.11,1.44,31.87,0.0,0,2120
4620115.02,2021S05074620115.02,4620115.02,5957,26.6,20.1,11.17,1.26,41.64,0.76,45,5905
4620116,2021S05074620116.00,4620116,6765,25.5,15.4,12.19,2.08,29.54,0.54,35,6485
4620117,2021S05074620117.00,4620117,4243,17,16,17.44,2.83,20.39,0.0,0,3900
4620118,2021S05074620118.00,4620118,4396,17,12.3,16.61,2.85,20.63,0.0,0,4450
4620119,2021S05074620119.00,4620119,6142,22.4,11,14.87,3.5,20.8,0.41,25,6115
4620120.01,2021S05074620120.01,4620120.01,7337,21.1,8.2,11.15,3.27,29.53,0.21,15,7175
4620120.02,2021S05074620120.02,4620120.02,1114,4.6,35,0,0.9,36.46,0.0,0,1115
4620121,2021S05074620121.00,4620121,2078,10.7,27.4,9.82,1.35,23.45,0.0,0,1980
4620122,2021S05074620122.00,4620122,6517,31.4,11.5,13.55,3.13,27.73,0.55,35,6345
4620123,2021S05074620123.00,4620123,6480,28.2,11.1,12.47,1.98,32.59,0.48,30,6300
4620124,2021S05074620124.00,4620124,5872,25.4,8.3,9.91,1.87,28.14,0.68,40,5850
4620125,2021S05074620125.00,4620125,6344,14.7,26.3,6.39,1.27,27.65,0.32,20,6180
4620126,2021S05074620126.00,4620126,2280,27.9,10.3,4.71,0.67,40.11,0.0,0,2015
4620127.01,2021S05074620127.01,4620127.01,5578,35.4,14.4,9,1.17,44.08,0.45,25,5555
4620127.02,2021S05074620127.02,4620127.02,21,,,,,,,,
4620128,2021S05074620128.00,4620128,3839,17,27.4,6.88,1.31,36.57,0.38,15,3995
4620129.01,2021S05074620129.01,4620129.01,4249,23.1,27.6,7.81,0.71,45.07,0.83,35,4225
4620129.02,2021S05074620129.02,4620129.02,3602,35.7,23.5,8.77,0.83,56.15,0.44,15,3425
4620130,2021S05074620130.00,4620130,3017,48.7,7.5,6.64,0.66,50.14,0.7,20,2865
4620131,2021S05074620131.00,4620131,3201,44.4,14.4,6.65,1.25,53,0.46,15,3240
4620132,2021S05074620132.00,4620132,5151,35.3,17.2,6.72,0.84,45.56,2.24,105,4690
4620133,2021S05074620133.00,4620133,2645,34.4,9.5,8.09,0.95,45.05,1.97,50,2535
4620134,2021S05074620134.00,4620134,1136,19,16.3,8.72,0,35.16,1.83,20,1095
4620135,2021S05074620135.00,4620135,1717,17.2,14.8,3.95,0.58,33.13,0.91,15,1650
4620136,2021S05074620136.00,4620136,2861,26.8,8.9,7.03,1.4,38.44,0.35,10,2840
4620137,2021S05074620137.00,4620137,1165,35,12,5.53,0.86,48.84,0.0,0,1175
4620138,2021S05074620138.00,4620138,2077,30,12.8,3.31,1.45,36.71,1.27,25,1970
4620139,2021S05074620139.00,4620139,3223,21.4,8.8,6.7,1.09,28.99,1.09,35,3205
4620140,2021S05074620140.00,4620140,1388,14,13.7,6.67,0.72,26.47,0.0,0,1350
4620141,2021S05074620141.00,4620141,1722,15.2,9.6,4.13,0.29,21.56,0.55,10,1820
4620142,2021S05074620142.00,4620142,1683,24.4,14.8,4.11,0.89,22.81,0.88,15,1705
4620143,2021S05074620143.00,4620143,2691,24.4,32.9,8.2,0.37,33.66,0.82,20,2440
4620144,2021S05074620144.00,4620144,3542,18.6,13.7,8.35,0.42,33.08,0.9,30,3350
4620145,2021S05074620145.00,4620145,0,,,,,,,,
4620146,2021S05074620146.00,4620146,2455,18,8.4,6.32,0.2,29.96,0.0,0,2530
4620147,2021S05074620147.00,4620147,2905,15.1,8.4,6.34,0.34,24.45,1.06,30,2840
4620148,2021S05074620148.00,4620148,1223,10.4,21.7,6.93,0.5,24.74,0.0,0,1010
4620149,2021S05074620149.00,4620149,3238,19.2,13.6,4.93,0.31,31.2,1.43,45,3150
4620150,2021S05074620150.00,4620150,2412,23.5,11.4,5,0.43,32.49,0.84,20,2395
4620151,2021S05074620151.00,4620151,2124,17.1,12.2,7.5,0.24,21.13,2.51,50,1995
4620152,2021S05074620152.00,4620152,1650,14.2,9.7,5.04,1.21,20.97,1.48,25,1685
4620153,2021S05074620153.00,4620153,812,26.4,8.6,6.67,1.27,32.93,1.34,10,745
4620154,2021S05074620154.00,4620154,1104,12,7.3,3.38,0.9,22.13,0.0,0,1040
4620155,2021S05074620155.00,4620155,1813,14.7,8,8.03,0.55,26.6,1.11,20,1805
4620156,2021S05074620156.00,4620156,1955,16.9,7.9,4.84,0.26,26.76,1.08,20,1860
4620157,2021S05074620157.00,4620157,2152,12.1,10.2,7.47,0.23,22.08,2.94,65,2210
4620158,2021S05074620158.00,4620158,2094,19.6,11.2,6.9,0,27.31,1.23,25,2025
4620159,2021S05074620159.00,4620159,1886,11.2,9.5,7.51,0,19.58,1.04,20,1930
4620160,2021S05074620160.00,4620160,1738,22.7,12.1,6.67,0.57,28.08,1.16,20,1725
4620161,2021S05074620161.00,4620161,1980,20.3,9.1,5.41,1.52,31.98,0.49,10,2035
4620162,2021S05074620162.00,4620162,1755,18.5,8,7.43,0.86,27.92,1.43,25,1750
4620163,2021S05074620163.00,4620163,3090,15.5,11.7,4.12,1.46,31.65,0.99,30,3040
4620164,2021S05074620164.00,4620164,1586,17.2,13.2,7.52,0.95,31.75,0.66,10,1525
4620165,2021S05074620165.00,4620165,2322,18.3,6.9,4.31,6.03,42.62,0.95,20,2095
4620166,2021S05074620166.00,4620166,574,15.2,5.2,4.72,1.74,35.71,0.0,0,535
4620167,2021S05074620167.00,4620167,2453,15,8.1,6.52,6.52,33.03,1.02,25,2455
4620168,2021S05074620168.00,4620168,2826,13.3,10.3,3.48,6.21,27.78,0.87,25,2870
4620169,2021S05074620169.00,4620169,2099,10.5,12.6,3.13,1.19,23.32,0.45,10,2235
4620170,2021S05074620170.00,4620170,2098,16.1,10.5,5.02,1.91,28.71,0.48,10,2095
4620171,2021S05074620171.00,4620171,4778,22.6,19.2,4.67,0.84,28.52,0.76,35,4605
4620172,2021S05074620172.00,4620172,2656,21.6,5.6,7.53,0.75,30.03,1.13,30,2660
4620173,2021S05074620173.00,4620173,2041,17.4,7.8,7.13,0.49,28.76,1.47,30,2035
4620174,2021S05074620174.00,4620174,2110,11.3,9.7,8.28,0.24,22.04,0.46,10,2175
4620175,2021S05074620175.00,4620175,1992,11.1,9.5,7.63,0.25,19.72,0.76,15,1965
4620176,2021S05074620176.00,4620176,1643,13.3,7,5.33,0.61,25.99,0.0,0,1595
4620177,2021S05074620177.00,4620177,1342,11.2,7.1,4.53,0,22.88,1.51,20,1325
4620178,2021S05074620178.00,4620178,2262,13.7,6.2,4.45,0.22,26.14,0.85,20,2360
4620179,2021S05074620179.00,4620179,3783,17.6,7.4,2.97,0.26,25.69,2.16,80,3705
4620180,2021S05074620180.00,4620180,3322,19.1,9.9,3.18,0.75,25.52,1.82,60,3305
4620181,2021S05074620181.00,4620181,5881,18,25.8,2.94,0.77,37.27,1.2,65,5430
4620182,2021S05074620182.00,4620182,2099,15.6,12.6,2.84,0.24,24.66,0.95,20,2115
4620183,2021S05074620183.00,4620183,2152,16.3,12.3,4.28,0.46,27.23,0.95,20,2105
4620184,2021S05074620184.00,4620184,2965,13.8,10.8,2.95,0.17,25.41,0.69,20,2890
4620185,2021S05074620185.00,4620185,5192,16.8,12.4,3.73,0.68,24.23,1.34,70,5225
4620186,2021S05074620186.00,4620186,4606,19.4,13.6,4.91,1.19,22.71,1.07,50,4685
4620187.01,2021S05074620187.01,4620187.01,3339,17.5,16.8,4.21,0.93,25.89,0.97,30,3095
4620187.03,2021S05074620187.03,4620187.03,4751,16.7,20.1,5.21,1.37,17.68,1.14,55,4805
4620187.04,2021S05074620187.04,4620187.04,6501,8.8,16.5,3.47,0.82,13.37,0.48,30,6195
4620188.01,2021S05074620188.01,4620188.01,2136,16.2,12.9,5.75,1.64,26.11,0.69,15,2170
4620188.02,2021S05074620188.02,4620188.02,2605,17.3,13.8,6.18,1.15,19.62,0.8,20,2510
4620189,2021S05074620189.00,4620189,0,,,,,,,,
4620190.01,2021S05074620190.01,4620190.01,3688,12.8,19.9,3.96,1.63,21.05,0.26,10,3785
4620190.02,2021S05074620190.02,4620190.02,4164,9.5,44.8,2.12,0.75,28.92,1.25,50,3995
4620191,2021S05074620191.00,4620191,6160,14.1,20.7,6.61,1.62,20.03,1.55,95,6125
4620192,2021S05074620192.00,4620192,3229,11.8,34,1.48,1.37,11.02,0.55,15,2710
4620193,2021S05074620193.00,4620193,2197,11.5,15.9,4.66,0.91,18.23,0.74,15,2040
4620194.01,2021S05074620194.01,4620194.01,5132,6.1,13.7,3.9,1.5,9.36,0.76,35,4610
4620194.02,2021S05074620194.02,4620194.02,4478,16.4,18.5,3.58,1.25,14.95,1.23,55,4465
4620195.01,2021S05074620195.01,4620195.01,3537,13.6,35.2,3.57,1.69,27.49,0.62,20,3230
4620195.02,2021S05074620195.02,4620195.02,5384,15.9,23.5,4.73,2.04,17.94,0.48,25,5175
4620195.03,2021S05074620195.03,4620195.03,4956,12.5,22,4.57,2.22,23.66,0.4,20,5030
4620196,2021S05074620196.00,4620196,4065,17.3,16.4,6.39,0.98,23.31,0.98,40,4070
4620197,2021S05074620197.00,4620197,4915,17.1,19.3,5.84,1.98,20.66,1.57,75,4790
4620198,2021S05074620198.00,4620198,5025,18.2,16.3,6.71,1.29,22.27,0.9,45,4990
4620199,2021S05074620199.00,4620199,2619,17.6,14.1,5.98,2.48,22.22,0.37,10,2680
4620200,2021S05074620200.00,4620200,4579,19.7,14,6.47,2.4,22.25,0.88,40,4555
4620201,2021S05074620201.00,4620201,6953,22.4,22.2,5.55,1.83,29.21,0.86,55,6390
4620202,2021S05074620202.00,4620202,4186,18.4,20.4,2.84,1.55,21.4,1.18,50,4225
4620203,2021S05074620203.00,4620203,2797,13.7,13.2,3.87,0.36,22.57,2.02,55,2720
4620204,2021S05074620204.00,4620204,2667,11.5,12.2,1.09,0.38,23.86,1.64,45,2750
4620205,2021S05074620205.00,4620205,2095,13.1,12.9,2.49,0.48,24.89,0.0,0,2205
4620206,2021S05074620206.00,4620206,2530,12.9,15.6,2.2,0.4,21.64,1.2,30,2500
4620207,2021S05074620207.00,4620207,3379,19.1,14.2,2.61,1.37,24.04,1.31,45,3445
4620208,2021S05074620208.00,4620208,2497,14.1,11.6,3.25,0.41,25.19,1.52,35,2310
4620209,2021S05074620209.00,4620209,6031,16.3,14.6,4.63,1.24,22.49,1.33,75,5620
4620210,2021S05074620210.00,4620210,4165,17.2,9.6,4.63,0.72,21.96,1.22,50,4105
4620211,2021S05074620211.00,4620211,2249,15.8,10.9,4.71,0.67,20.38,0.43,10,2335
4620212,2021S05074620212.00,4620212,2523,12.6,9.1,2.78,0.59,23.93,1.19,30,2520
4620213,2021S05074620213.00,4620213,2586,11.8,12.4,4.19,0.61,22.87,0.84,20,2380
4620214,2021S05074620214.00,4620214,2765,16.6,10.8,5.24,1.63,19.03,1.27,35,2765
4620215,2021S05074620215.00,4620215,3010,17.5,13.5,4.27,1.19,24.7,0.71,20,2810
4620216,2021S05074620216.00,4620216,2200,15.8,6.4,4.87,1.13,22.4,1.1,25,2265
4620217,2021S05074620217.00,4620217,2518,16.9,11.3,3.61,1.19,23.51,0.57,15,2635
4620218,2021S05074620218.00,4620218,2877,15.6,9.6,5.08,1.04,28.92,1.58,45,2855
4620219,2021S05074620219.00,4620219,2827,14.3,10.8,3.3,1.77,20.19,0.37,10,2725
4620220,2021S05074620220.00,4620220,5683,30.8,16.6,6.7,10.41,26.13,0.37,20,5450
4620221,2021S05074620221.00,4620221,6147,31,15.3,5.21,10.5,27.29,0.41,25,6150
4620222,2021S05074620222.00,4620222,3777,28.9,16.2,8.61,12.32,25.56,0.26,10,3775
4620223.01,2021S05074620223.01,4620223.01,4052,34,12.1,9.87,14.07,29.93,0.39,15,3855
4620223.02,2021S05074620223.02,4620223.02,3353,27.3,14,6.33,11.18,24.71,0.0,0,3555
4620224,2021S05074620224.00,4620224,6054,28.2,15.8,7.72,14.45,22.57,0.0,0,6025
4620225,2021S05074620225.00,4620225,1414,12.7,16.3,1.76,3.55,21.37,1.76,25,1420
4620226,2021S05074620226.00,4620226,2952,10.2,10.2,2.36,0.68,21.34,0.84,25,2960
4620227,2021S05074620227.00,4620227,1561,10,9,5,1.28,19.46,1.0,15,1500
4620228,2021S05074620228.00,4620228,1628,11.1,15,2.8,1.93,18.06,1.25,20,1605
4620229,2021S05074620229.00,4620229,0,,,,,,,,
4620230,2021S05074620230.00,4620230,1858,12.1,11.1,5.08,2.16,22.1,0.56,10,1775
4620231,2021S05074620231.00,4620231,1612,11.4,9,3.33,0.93,20.12,0.91,15,1655
4620232,2021S05074620232.00,4620232,4674,11.6,12.7,4.93,0.96,21.39,1.5,70,4670
4620233,2021S05074620233.00,4620233,2011,20.4,12.2,5.85,1.49,28.51,2.04,40,1960
4620234,2021S05074620234.00,4620234,2144,24.3,17.7,3.88,3.03,24.19,1.6,35,2190
4620235,2021S05074620235.00,4620235,1872,9.5,9.1,3.97,1.33,16.75,0.53,10,1890
4620236,2021S05074620236.00,4620236,1776,15.3,13,4.3,1.41,22.28,1.15,20,1740
4620237,2021S05074620237.00,4620237,3418,11.8,9.8,5.01,0.58,23.43,1.0,35,3490
4620238,2021S05074620238.00,4620238,2338,12.5,9.8,5.36,0.86,18.45,0.43,10,2330
4620239,2021S05074620239.00,4620239,4606,18.4,10.1,6.39,1.63,22.59,0.44,20,4540
4620240,2021S05074620240.00,4620240,3118,19.9,15.4,6.02,2.4,18.98,1.0,30,2995
4620241,2021S05074620241.00,4620241,2791,22,12.7,5.27,3.94,23.66,0.0,0,2850
4620242,2021S05074620242.00,4620242,6077,19.7,13.4,4.78,3.38,24.83,0.41,25,6070
4620243,2021S05074620243.00,4620243,3677,17.7,12.4,8.4,3.67,21.86,0.39,15,3805
4620244,2021S05074620244.00,4620244,2064,13.6,11.9,2.7,0.73,17.79,1.96,40,2045
4620245,2021S05074620245.00,4620245,2883,16.5,12.1,5.43,1.74,24.01,0.9,25,2765
4620247,2021S05074620247.00,4620247,2148,10.8,8.8,4.51,0.7,20.54,0.71,15,2110
4620249,2021S05074620249.00,4620249,4188,18.1,15.8,4.99,2.64,23.71,0.83,35,4210
4620250,2021S05074620250.00,4620250,3994,17.2,15,4.43,3.01,21.56,0.51,20,3945
4620251.01,2021S05074620251.01,4620251.01,3669,21.3,27.1,4.92,6.04,17.76,0.72,25,3460
4620251.02,2021S05074620251.02,4620251.02,2649,26.2,12.9,7,7.17,29.58,0.6,15,2505
4620252,2021S05074620252.00,4620252,5186,22.6,13.3,8.39,4.73,27.56,1.06,55,5185
4620253,2021S05074620253.00,4620253,3598,21.8,10.3,6.84,5.97,22.44,0.71,25,3510
4620254,2021S05074620254.00,4620254,4029,20.6,15.6,5.98,4.48,24.37,0.61,25,4090
4620256,2021S05074620256.00,4620256,3877,21.3,13.2,6.35,6.71,23.41,0.0,0,3940
4620257,2021S05074620257.00,4620257,4500,20.6,16.1,6.48,8.33,18.71,0.34,15,4400
4620258,2021S05074620258.00,4620258,5314,29.3,8.8,10.07,5.08,14.91,0.65,35,5415
4620259,2021S05074620259.00,4620259,6349,26.6,10.6,10.41,5.52,23.17,0.24,15,6340
4620260,2021S05074620260.00,4620260,2338,20.7,12.8,4.71,5.13,21.59,0.0,0,2230
4620261,2021S05074620261.00,4620261,2858,20.4,13.8,3.97,6.83,25.22,1.16,35,3030
4620262,2021S05074620262.00,4620262,4866,20,14.2,5.21,5.96,19.35,0.52,25,4800
4620263,2021S05074620263.00,4620263,4135,18.9,19.1,5.27,5.56,18.84,0.61,25,4075
4620264.01,2021S05074620264.01,4620264.01,5369,10.8,24.6,2.05,0.85,17.38,1.37,70,5125
4620264.02,2021S05074620264.02,4620264.02,5432,11.9,26.4,3.47,1.6,16.73,0.61,30,4905
4620265,2021S05074620265.00,4620265,4561,10,14.4,2.71,1.66,20.18,0.34,15,4440
4620266,2021S05074620266.00,4620266,3195,20.3,15.3,5.27,2.19,18.29,0.96,30,3135
4620267,2021S05074620267.00,4620267,6463,16,15.5,4.09,5.96,22.87,0.39,25,6470
4620268.01,2021S05074620268.01,4620268.01,6525,19.4,21.6,17.19,4.75,21.05,0.47,30,6425
4620268.02,2021S05074620268.02,4620268.02,6170,18.6,11.8,19.25,5.35,24.01,0.49,30,6155
4620268.03,2021S05074620268.03,4620268.03,489,19.2,14.3,11.84,2.04,54.55,0.0,0,380
4620269,2021S05074620269.00,4620269,4521,23,11.6,8.16,3.1,23.57,0.78,35,4470
4620270,2021S05074620270.00,4620270,4739,16.1,16.2,5.63,1.48,22.35,0.73,35,4800
4620271,2021S05074620271.00,4620271,3477,9.1,15.1,1.1,0.86,14.07,1.1,40,3625
4620272,2021S05074620272.00,4620272,3715,16.9,17.5,6.5,1.21,19.89,0.26,10,3775
4620273,2021S05074620273.00,4620273,4752,13.2,20.5,6.03,2.95,24.5,0.99,45,4565
4620274,2021S05074620274.00,4620274,3133,17.7,19.8,5.79,3.53,20.22,0.96,30,3115
4620275,2021S05074620275.00,4620275,4158,17.1,17.9,4.47,1.21,27.03,0.24,10,4135
4620276,2021S05074620276.00,4620276,5123,19.1,16.7,5.89,1.38,19.96,0.69,35,5085
4620277,2021S05074620277.00,4620277,4350,20.6,27.1,8.18,1.26,25.78,0.53,20,3790
4620278,2021S05074620278.00,4620278,4229,14.4,17.1,4.87,0.83,20.48,0.46,20,4310
4620279,2021S05074620279.00,4620279,4954,15.4,28.2,6.29,1.36,20,0.7,30,4285
4620280,2021S05074620280.00,4620280,4621,14.7,13.1,5.26,1.41,21.2,0.54,25,4655
4620281,2021S05074620281.00,4620281,3756,7.6,18.5,2.4,0.8,13.19,0.48,15,3130
4620282,2021S05074620282.00,4620282,6549,17,19.8,7.73,3.31,20.86,0.47,30,6335
4620283.01,2021S05074620283.01,4620283.01,4058,11.9,32,6.48,4.84,19.1,0.0,0,3620
4620283.02,2021S05074620283.02,4620283.02,2891,18,23.4,10.95,5.35,23.87,0.71,20,2825
4620284,2021S05074620284.00,4620284,3489,17.2,22.8,6.9,3.58,24.07,0.28,10,3550
4620285,2021S05074620285.00,4620285,6335,17.1,22.2,8.63,3.25,21.65,0.0,0,5795
4620286,2021S05074620286.00,4620286,5433,21.2,12.1,13.35,3.96,19.4,0.28,15,5435
4620287.01,2021S05074620287.01,4620287.01,6636,27.6,10.6,13.69,3.69,25.08,0.3,20,6575
4620287.02,2021S05074620287.02,4620287.02,4740,14.4,23.6,3.17,2.75,22.86,0.0,0,4570
4620288,2021S05074620288.00,4620288,1473,3.6,32,0,1.02,14.46,0.0,0,1265
4620290.01,2021S05074620290.01,4620290.01,2713,9.4,16.4,0.93,2.22,13.74,0.56,15,2690
4620290.02,2021S05074620290.02,4620290.02,5711,8.4,21.4,1.93,3.25,14.22,0.26,15,5695
4620290.03,2021S05074620290.03,4620290.03,4263,13.5,19.1,3.04,2.93,15.62,0.0,0,4280
4620290.04,2021S05074620290.04,4620290.04,6876,8.6,16.8,2.84,2.18,15.77,0.44,30,6875
4620290.05,2021S05074620290.05,4620290.05,5156,11.7,38.7,1.76,1.76,39.48,0.62,30,4825
4620290.06,2021S05074620290.06,4620290.06,5326,11.2,22.8,2.16,2.91,16.09,0.75,40,5320
4620290.07,2021S05074620290.07,4620290.07,4010,12.2,19.3,1,2.74,15.61,0.0,0,4010
4620290.08,2021S05074620290.08,4620290.08,4111,6.8,22.1,2.21,1.96,14.94,0.25,10,4075
4620290.09,2021S05074620290.09,4620290.09,4930,11.4,21.4,0.71,2.23,13.48,0.41,20,4930
4620291.01,2021S05074620291.01,4620291.01,3900,6.8,16.3,1.16,2.05,12.5,1.15,45,3900
4620291.03,2021S05074620291.03,4620291.03,5854,4.2,9.1,0.69,1.03,10.28,0.52,30,5760
4620291.04,2021S05074620291.04,4620291.04,5222,3.2,7.7,1.18,1.29,10.65,0.54,25,4645
4620300,2021S05074620300.00,4620300,2797,24.1,20.2,6.38,1.83,25.86,0.91,20,2190
4620301,2021S05074620301.00,4620301,5191,14.8,15.1,4.26,1.99,18.58,0.97,50,5160
4620302,2021S05074620302.00,4620302,2923,16.9,8.5,5.04,1.03,24.84,1.08,30,2780
4620303,2021S05074620303.00,4620303,2376,19.2,9.9,4.18,1.05,21.71,0.6,15,2515
4620304,2021S05074620304.00,4620304,3191,21.7,17.2,6.29,1.57,22.95,1.62,50,3095
4620305,2021S05074620305.00,4620305,3973,17,15,5.8,1.26,25.34,1.68,65,3880
4620306,2021S05074620306.00,4620306,2781,16.6,12.8,5.17,0.54,22.3,2.41,70,2905
4620307,2021S05074620307.00,4620307,3032,17.9,8.3,4.73,1.32,25.23,3.72,110,2955
4620308,2021S05074620308.00,4620308,2688,16.8,8.7,2.48,0.74,19.78,1.52,40,2625
4620309,2021S05074620309.00,4620309,1352,8.6,13.3,2.28,1.12,18.9,2.61,40,1535
4620310,2021S05074620310.00,4620310,3393,11.8,14.4,1.67,0.44,23.49,1.67,55,3290
4620311,2021S05074620311.00,4620311,4092,17.1,18.1,4.09,0.77,20.64,1.92,75,3915
4620312,2021S05074620312.00,4620312,3162,16.3,17.1,2.23,0.63,21.32,3.02,95,3150
4620313,2021S05074620313.00,4620313,3221,10,16.8,2.87,0.16,19.81,1.81,60,3320
4620314,2021S05074620314.00,4620314,2448,9.8,17.4,2.58,0.62,20.45,0.86,20,2325
4620315,2021S05074620315.00,4620315,15,,,,,,,,
4620316,2021S05074620316.00,4620316,2174,5.9,17.9,2.17,0.49,14.62,0.97,20,2070
4620317.03,2021S05074620317.03,4620317.03,4450,9,22.5,4.16,1.69,20.14,0.45,20,4455
4620317.05,2021S05074620317.05,4620317.05,3545,15.5,14,13.73,2.96,33.44,0.42,15,3575
4620317.06,2021S05074620317.06,4620317.06,4943,14.3,28,7.56,2.75,29.72,0.43,20,4695
4620317.07,2021S05074620317.07,4620317.07,5410,10.5,33.8,7.36,1.39,31.27,0.77,40,5165
4620317.08,2021S05074620317.08,4620317.08,3220,16.1,19.1,10.02,2.48,30.72,0.31,10,3195
4620320,2021S05074620320.00,4620320,4814,12,17.3,2.64,1.67,19.04,1.48,70,4745
4620321,2021S05074620321.00,4620321,2918,14.8,15.1,3.89,1.2,19.2,1.18,35,2960
4620322.02,2021S05074620322.02,4620322.02,3840,10.5,19,3.35,1.7,18.21,1.03,40,3870
4620322.03,2021S05074620322.03,4620322.03,4936,16.4,25.2,4.61,1.72,24.69,1.4,70,4985
4620322.04,2021S05074620322.04,4620322.04,3357,17.8,41.1,1.97,1.59,19.72,0.89,25,2800
4620323,2021S05074620323.00,4620323,3118,14.7,23.9,4.38,1.55,21.9,1.93,55,2850
4620324.01,2021S05074620324.01,4620324.01,4734,17.8,16.3,6.1,1.82,23.63,1.05,50,4750
4620324.02,2021S05074620324.02,4620324.02,2894,14.1,16.2,6.74,2.76,18.91,0.71,20,2825
4620325.01,2021S05074620325.01,4620325.01,3818,14.3,19,5.49,2.88,19.73,0.27,10,3735
4620325.02,2021S05074620325.02,4620325.02,6728,18.4,19.2,7.91,3.49,22.24,1.28,85,6640
4620325.03,2021S05074620325.03,4620325.03,3758,13.2,19.1,5.87,4.4,20.13,1.07,40,3755
4620325.05,2021S05074620325.05,4620325.05,9824,20.3,25.4,9,5.5,36.36,0.89,80,8950
4620325.06,2021S05074620325.06,4620325.06,4838,11.1,21.1,5.27,2.58,22.74,1.03,50,4835
4620326.01,2021S05074620326.01,4620326.01,2894,13.5,17.6,4.86,4.84,23.58,1.04,30,2875
4620326.02,2021S05074620326.02,4620326.02,3778,17,18.5,6.59,1.96,21.21,0.55,20,3635
4620326.03,2021S05074620326.03,4620326.03,5000,14.8,17.5,9.88,4.91,21.2,0.7,35,5005
4620327,2021S05074620327.00,4620327,4891,17.8,17.4,5.99,1.54,22.54,0.32,15,4760
4620328,2021S05074620328.00,4620328,1874,28.1,15.7,5,2.94,16.77,0.79,15,1900
4620329,2021S05074620329.00,4620329,4221,14.8,13.4,6,1.07,21.93,0.92,40,4340
4620330,2021S05074620330.00,4620330,5484,19.3,13,3.74,2.1,22.81,3.65,200,5480
4620340,2021S05074620340.00,4620340,5115,7.1,18.4,1.76,0.49,21.39,0.49,25,5105
4620350,2021S05074620350.00,4620350,2594,16,27,5.41,1.4,25.86,0.8,20,2490
4620351,2021S05074620351.00,4620351,5004,18.5,41.4,6.8,1,44.1,0.21,10,4855
4620352,2021S05074620352.00,4620352,2747,13.6,30.4,5.63,1.33,35.37,0.4,10,2490
4620353,2021S05074620353.00,4620353,2873,8.1,21.7,3.08,0.52,25.97,0.51,15,2920
4620354,2021S05074620354.00,4620354,3038,7.5,17.6,3.02,1.32,18.46,0.0,0,2990
4620355,2021S05074620355.00,4620355,1423,8.6,26.7,4.03,0.7,26.67,0.0,0,1485
4620356,2021S05074620356.00,4620356,1979,8.4,21.7,5.37,1.52,23.31,0.0,0,2055
4620360,2021S05074620360.00,4620360,1947,6.3,21.8,0.8,0.26,14.18,1.07,20,1870
4620361,2021S05074620361.00,4620361,1720,18.8,27.5,6.23,0.66,30.52,0.0,0,1525
4620362,2021S05074620362.00,4620362,2308,7.3,20.4,2.15,1.3,17.79,0.0,0,2330
4620363,2021S05074620363.00,4620363,4617,8.5,24.5,2.83,5.63,28.34,0.87,40,4600
4620364,2021S05074620364.00,4620364,3321,9.2,5,4.98,13.55,31.05,0.0,0,3310
4620365,2021S05074620365.00,4620365,3263,9.3,12.7,3.82,4.9,28.35,0.0,0,3270
4620366,2021S05074620366.00,4620366,2505,8.3,16.9,4.6,0.6,24.88,1.15,30,2605
4620367,2021S05074620367.00,4620367,4948,10.5,26.8,4.13,0.58,21.04,1.06,45,4240
4620370,2021S05074620370.00,4620370,7037,7.4,17.3,3.34,0.99,22.98,0.14,10,7035
4620380,2021S05074620380.00,4620380,4247,14.4,33.5,6.29,1.53,33.33,0.0,0,4215
4620381,2021S05074620381.00,4620381,6248,21.8,19.8,16.23,2.88,32.61,0.67,40,5950
4620382.01,2021S05074620382.01,4620382.01,4130,12.6,25.1,3.36,1.58,31.53,0.0,0,4015
4620382.02,2021S05074620382.02,4620382.02,4663,8.1,17.8,4.61,1.29,20.86,0.45,20,4450
4620383.01,2021S05074620383.01,4620383.01,3887,11.9,26.8,1.86,2.53,26.64,0.53,20,3760
4620383.02,2021S05074620383.02,4620383.02,8641,14.1,37.9,5.27,1.21,36.87,0.0,0,8640
4620385,2021S05074620385.00,4620385,1574,18,42.9,9.24,0.95,39.9,0.0,0,1575
4620390,2021S05074620390.00,4620390,1603,16,13.8,1.64,0.62,25.3,2.3,35,1520
4620391,2021S05074620391.00,4620391,1739,23.8,22.8,3.8,0.91,27.22,1.27,20,1580
4620392,2021S05074620392.00,4620392,1587,13.2,20.8,2.26,0.32,20.99,2.58,40,1550
4620393,2021S05074620393.00,4620393,6929,15,14.2,4.26,1.17,18.74,1.91,130,6810
4620394,2021S05074620394.00,4620394,4156,16.8,14.3,4.41,0.96,23.17,2.38,100,4195
4620395.01,2021S05074620395.01,4620395.01,2754,32.6,15.8,8.32,0.73,17.24,2.57,65,2530
4620395.02,2021S05074620395.02,4620395.02,6861,19.5,22.5,6.7,1.86,21.74,1.89,120,6340
4620395.03,2021S05074620395.03,4620395.03,4782,15.8,17.1,4.26,1.46,19.92,1.35,65,4815
4620396,2021S05074620396.00,4620396,6553,11.2,29.1,3.49,0.81,19.77,2.18,125,5725
4620397,2021S05074620397.00,4620397,3980,3.6,15.6,1.63,0.63,9.19,0.88,35,3990
4620400,2021S05074620400.00,4620400,5412,9.7,17.6,5.74,1.39,18.71,0.46,25,5405
4620401,2021S05074620401.00,4620401,3019,9.6,19.9,4.94,1.99,24,0.0,0,2935
4620402,2021S05074620402.00,4620402,1989,16.6,16.1,9.86,3.27,27.01,0.0,0,2080
4620403,2021S05074620403.00,4620403,5474,9.6,17.6,7.46,1.68,18.97,0.28,15,5360
4620404,2021S05074620404.00,4620404,5059,11.3,21.5,4.99,1.32,23.65,0.0,0,4910
4620410.01,2021S05074620410.01,4620410.01,5529,17.3,18.4,7.15,4.44,20.53,0.0,0,5525
4620410.02,2021S05074620410.02,4620410.02,6013,18.5,31.1,19.54,3.8,32.9,0.18,10,5655
4620410.03,2021S05074620410.03,4620410.03,1756,11.9,15.1,10.19,2.56,14.53,0.0,0,1870
4620412,2021S05074620412.00,4620412,7061,13.1,14.7,7.51,4.32,20.41,0.42,30,7060
4620413.01,2021S05074620413.01,4620413.01,3760,7.6,28.6,3.28,2.39,15.52,0.0,0,3815
4620413.02,2021S05074620413.02,4620413.02,4048,16.2,13.8,11.26,2.6,24.68,0.25,10,3990
4620415.03,2021S05074620415.03,4620415.03,4011,17.9,22.2,10.19,4.23,27.89,0.61,25,4115
4620415.04,2021S05074620415.04,4620415.04,5458,18.1,20.5,10.1,3.48,32.37,0.38,20,5195
4620415.07,2021S05074620415.07,4620415.07,7568,6.8,11,5.22,3.15,20.91,0.27,20,7285
4620415.08,2021S05074620415.08,4620415.08,2686,10.7,11,9.31,3.35,20.1,0.0,0,2740
4620415.09,2021S05074620415.09,4620415.09,3033,9.9,8.2,7.01,2.97,20.87,0.0,0,2990
4620415.1,2021S05074620415.10,4620415.1,5297,8.1,12.8,4.87,2.83,22.59,0.0,0,5340
4620416.01,2021S05074620416.01,4620416.01,4000,7.2,25.4,2.81,7.88,11.43,0.0,0,3920
4620416.02,2021S05074620416.02,4620416.02,3329,12.8,15.5,5.28,4.05,21.93,0.0,0,3405
4620417.01,2021S05074620417.01,4620417.01,5046,16.6,15.3,10.24,5.75,20,0.0,0,5125
4620417.02,2021S05074620417.02,4620417.02,2748,19.1,8.4,10.86,6.91,15.88,0.38,10,2625
4620418,2021S05074620418.00,4620418,5704,17,16.7,6.67,4.21,21.39,0.79,45,5700
4620419,2021S05074620419.00,4620419,4786,21.7,8,18.81,5.22,22.55,0.42,20,4785
4620420,2021S05074620420.00,4620420,5114,12.7,26.1,4.39,4.23,19.2,0.0,0,4670
4620421.03,2021S05074620421.03,4620421.03,2948,20,17.1,21.02,6.11,32.89,0.0,0,2955
4620421.04,2021S05074620421.04,4620421.04,4407,25.7,11.6,15.68,6.13,29.41,0.23,10,4405
4620421.05,2021S05074620421.05,4620421.05,2339,27.3,12,25.21,6.85,31.67,0.0,0,2335
4620421.06,2021S05074620421.06,4620421.06,5463,24.6,10.1,19.42,5.31,32,0.19,10,5355
4620430,2021S05074620430.00,4620430,7238,14,19.7,3.92,1.4,22.66,1.14,80,7010
4620431,2021S05074620431.00,4620431,5443,9.7,23.8,2.96,1.76,19.92,0.83,45,5405
4620432,2021S05074620432.00,4620432,3134,5.7,21.7,1.85,1.12,12,1.08,35,3230
4620433,2021S05074620433.00,4620433,3487,6.7,18.3,1.19,0.72,12.09,0.3,10,3370
4620440,2021S05074620440.00,4620440,30,,,,,,,,
4620450,2021S05074620450.00,4620450,7140,8.5,34.6,1.29,0.43,24.16,1.14,80,7000
4620451,2021S05074620451.00,4620451,6986,7.9,22.6,1.87,1.36,19.87,1.15,80,6965
4620452,2021S05074620452.00,4620452,8886,10.1,35.6,5.04,2.28,26.32,1.3,95,7335
4620453.01,2021S05074620453.01,4620453.01,5543,5.2,18.3,3.87,0.99,10.14,1.01,55,5430
4620453.02,2021S05074620453.02,4620453.02,4933,8.4,22.1,5.28,3.39,14.2,0.52,25,4835
4620460,2021S05074620460.00,4620460,5367,6.2,21.4,3.91,1.59,13.87,0.47,25,5375
4620461,2021S05074620461.00,4620461,2926,6,22.2,2.15,1.04,13.88,0.72,20,2790
4620462.01,2021S05074620462.01,4620462.01,5148,6.8,19.5,2.73,1.36,15.1,0.88,45,5130
4620462.02,2021S05074620462.02,4620462.02,5836,6.1,16.5,3.57,1.48,13.91,0.44,25,5740
4620470.01,2021S05074620470.01,4620470.01,7022,7,23.3,3.06,1.93,14,0.73,50,6855
4620470.03,2021S05074620470.03,4620470.03,4907,6.6,13.3,4.89,2.04,14.97,0.71,35,4905
4620470.04,2021S05074620470.04,4620470.04,3487,6.2,21.6,4.58,2.15,13.99,0.29,10,3485
4620470.05,2021S05074620470.05,4620470.05,3997,7.9,20.1,5.77,2.63,15.89,0.0,0,3990
4620480,2021S05074620480.00,4620480,3764,6.2,26.2,2.46,0.93,11.36,0.96,35,3660
4620490,2021S05074620490.00,4620490,2532,18.8,21.1,1.56,0.59,28.25,1.36,35,2575
4620491,2021S05074620491.00,4620491,2495,4,23.4,2.91,0.47,13.51,0.48,10,2065
4620500,2021S05074620500.00,4620500,951,6.8,24.7,0,0.53,14.29,0.0,0,950
4620511.01,2021S05074620511.01,4620511.01,3325,7,17.1,3.2,3.06,14.41,1.37,45,3280
4620511.02,2021S05074620511.02,4620511.02,6667,17.1,12.1,11.29,2.78,15.84,0.45,30,6645
4620512.02,2021S05074620512.02,4620512.02,4568,11,24.9,2.82,2.2,21.74,1.09,50,4600
4620512.03,2021S05074620512.03,4620512.03,2552,16.4,23.7,7.68,2.94,28.52,0.39,10,2535
4620512.04,2021S05074620512.04,4620512.04,6579,9.9,16.9,3.45,2.06,14.76,0.84,55,6525
4620513.01,2021S05074620513.01,4620513.01,5002,8.6,16.9,4.7,3.2,14.24,0.7,35,5000
4620513.02,2021S05074620513.02,4620513.02,4581,17.7,20.3,7.21,4.43,20.77,0.78,35,4500
4620514.01,2021S05074620514.01,4620514.01,6896,9.8,19.1,5.11,1.83,17.29,0.51,35,6845
4620514.02,2021S05074620514.02,4620514.02,6132,7.3,15.7,5.56,2.13,14.12,1.23,75,6110
4620515.01,2021S05074620515.01,4620515.01,6413,6.8,13.6,3.6,1.95,22.27,0.32,20,6250
4620515.02,2021S05074620515.02,4620515.02,4376,7.6,11.2,5.02,3.14,14.14,0.35,15,4280
4620515.03,2021S05074620515.03,4620515.03,3453,11,16.1,5.49,3.19,17.46,0.98,35,3555
4620515.04,2021S05074620515.04,4620515.04,3708,9.5,14.4,6.66,2.02,15.65,0.0,0,3600
4620520.02,2021S05074620520.02,4620520.02,7112,9.1,19.3,4.44,2.96,17,0.14,10,7090
4620520.03,2021S05074620520.03,4620520.03,3764,12.1,19.5,6.75,4.25,15.38,1.15,45,3925
4620520.04,2021S05074620520.04,4620520.04,4638,12.4,16.9,7.48,2.91,21.13,0.22,10,4480
4620521.01,2021S05074620521.01,4620521.01,4857,9.8,20.8,4.4,1.96,16.88,0.4,20,4995
4620521.04,2021S05074620521.04,4620521.04,4768,7.4,20.8,3.6,1.68,16.96,0.53,25,4715
4620521.05,2021S05074620521.05,4620521.05,4587,6.5,18.1,1.38,1.78,17.59,0.23,10,4350
4620521.06,2021S05074620521.06,4620521.06,5147,7.3,24.6,3.19,1.75,21.35,0.19,10,5180
4620521.07,2021S05074620521.07,4620521.07,4070,5.8,25.6,2.9,1.76,15.14,1.32,50,3790
4620522.01,2021S05074620522.01,4620522.01,3464,5.8,23.2,2.44,1.73,13.01,0.0,0,3695
4620522.02,2021S05074620522.02,4620522.02,3506,8.5,26.7,2.69,1.71,24.06,1.42,45,3170
4620523,2021S05074620523.00,4620523,2490,3.9,20.7,2.17,1.41,11.66,0.4,10,2525
4620530,2021S05074620530.00,4620530,6130,7.1,18.7,2.94,2.21,14.61,1.06,65,6130
4620540,2021S05074620540.00,4620540,3969,19,26.7,7.51,1.72,26.07,0.75,25,3325
4620550.02,2021S05074620550.02,4620550.02,3327,6.7,17.4,2.84,1.66,15.48,0.6,20,3350
4620550.03,2021S05074620550.03,4620550.03,6780,3.9,16.6,2.47,1.29,15,0.9,60,6685
4620550.04,2021S05074620550.04,4620550.04,4809,5.5,18.5,1.57,1.14,12.4,0.73,35,4770
4620570,2021S05074620570.00,4620570,4394,15.9,15.4,2.82,0.47,18.95,2.11,90,4260
4620580.01,2021S05074620580.01,4620580.01,4853,13.3,18.4,2.24,0.62,22.15,0.85,40,4695
4620580.02,2021S05074620580.02,4620580.02,3235,5.6,11.1,2.45,0.62,13.27,1.99,65,3265
4620580.03,2021S05074620580.03,4620580.03,3829,6.2,20.4,1.49,0.53,10.73,1.49,55,3700
4620581.01,2021S05074620581.01,4620581.01,5825,8.7,19.1,1.1,0.58,11.85,1.4,70,5000
4620581.02,2021S05074620581.02,4620581.02,3490,14.6,16,1.64,0.86,15.06,2.46,90,3655
4620582.01,2021S05074620582.01,4620582.01,6340,12,24,2.82,0.56,14.24,1.45,90,6205
4620582.02,2021S05074620582.02,4620582.02,5918,11.4,19.1,1.62,0.94,14.02,1.36,80,5865
4620583,2021S05074620583.00,4620583,3208,9.3,18.4,0.96,0.63,12.69,1.76,55,3125
4620584,2021S05074620584.00,4620584,7066,15.1,19.4,2.38,0.71,16.59,1.22,85,6945
4620585.01,2021S05074620585.01,4620585.01,2281,5.1,12.7,1.94,0.22,10.5,0.43,10,2325
4620585.02,2021S05074620585.02,4620585.02,3824,13.9,31.9,1.35,0.53,24.5,1.48,55,3705
4620590.01,2021S05074620590.01,4620590.01,5526,14.8,16.7,4.59,1.75,18.76,0.73,40,5450
4620590.02,2021S05074620590.02,4620590.02,3452,16.3,10.9,10.5,1.74,18.68,1.31,45,3430
4620591.01,2021S05074620591.01,4620591.01,2704,7.2,16.1,4.73,1.29,19.27,1.05,30,2855
4620591.02,2021S05074620591.02,4620591.02,4117,11.7,18.1,5.95,1.09,15.67,0.52,20,3865
4620592,2021S05074620592.00,4620592,7570,13.5,16.1,8.45,1.85,17.24,0.46,35,7570
4620593.01,2021S05074620593.01,4620593.01,4862,13.4,58.5,2.01,1.82,23.44,1.07,45,4225
4620593.02,2021S05074620593.02,4620593.02,4575,13.5,18.5,7.65,1.86,23.17,0.54,25,4640
4620594.01,2021S05074620594.01,4620594.01,2848,16.5,19.8,9.69,1.93,15.36,0.0,0,2785
4620594.02,2021S05074620594.02,4620594.02,7589,10.8,24.2,4.88,1.58,16.3,0.8,60,7475
4620600.01,2021S05074620600.01,4620600.01,4022,14.4,18.3,4.99,2.98,18.65,0.24,10,4205
4620600.02,2021S05074620600.02,4620600.02,4118,23.3,14.9,7.88,3.16,25.08,0.89,35,3935
4620600.03,2021S05074620600.03,4620600.03,7091,18.3,33.1,7.78,4.45,24.14,0.5,30,6040
4620601.01,2021S05074620601.01,4620601.01,3373,13.2,19,5.03,4,20.77,0.0,0,3280
4620601.02,2021S05074620601.02,4620601.02,4827,19.2,22,7.96,3.67,22.76,0.45,20,4460
4620602.01,2021S05074620602.01,4620602.01,3780,15.1,26.2,5.73,3.45,24.77,0.27,10,3750
4620602.02,2021S05074620602.02,4620602.02,2794,17.8,17.2,6.41,5.02,22.41,0.0,0,2810
4620603.01,2021S05074620603.01,4620603.01,3598,15.2,19.4,9.1,5.14,21.43,0.0,0,3410
4620603.02,2021S05074620603.02,4620603.02,4252,14.2,30.9,5.74,4.69,24.92,0.64,25,3925
4620603.03,2021S05074620603.03,4620603.03,3281,14.9,15.1,4.47,3.66,14.41,0.64,20,3130
4620604.01,2021S05074620604.01,4620604.01,3550,7.8,21,3.63,1.98,18.88,0.29,10,3435
4620604.02,2021S05074620604.02,4620604.02,4517,14.7,15.2,4.61,3.99,16.37,0.0,0,4555
4620604.03,2021S05074620604.03,4620604.03,3012,13.1,21.2,5.59,4.48,22.36,0.0,0,2945
4620604.04,2021S05074620604.04,4620604.04,3457,12.3,17.1,5.18,2.89,21.13,0.0,0,3475
4620604.05,2021S05074620604.05,4620604.05,5279,10.8,14.1,5.49,3.51,18.42,0.56,30,5365
4620605.01,2021S05074620605.01,4620605.01,3525,19.3,25.1,6.06,4.11,17.46,0.84,30,3555
4620605.02,2021S05074620605.02,4620605.02,1997,7,26.1,3.17,2.51,13.79,0.0,0,2050
4620605.03,2021S05074620605.03,4620605.03,5854,15.7,16.9,7.02,2.91,21.78,0.26,15,5840
4620605.04,2021S05074620605.04,4620605.04,4898,14.1,18.7,5.47,3.37,17.37,0.62,30,4845
4620605.05,2021S05074620605.05,4620605.05,2270,11.8,21.4,2.51,3.3,19.89,0.0,0,2390
4620610.01,2021S05074620610.01,4620610.01,4777,21.5,14.7,7,2.83,22.11,0.7,35,4995
4620610.02,2021S05074620610.02,4620610.02,4612,15.9,18.3,3.54,3.38,23.12,0.44,20,4515
4620610.03,2021S05074620610.03,4620610.03,5684,15.2,34,2.65,2.12,22.6,1.08,55,5090
4620610.04,2021S05074620610.04,4620610.04,3973,28.4,12.3,6.83,3.02,22.88,0.5,20,4025
4620610.05,2021S05074620610.05,4620610.05,4856,31.1,9.3,5.64,2.57,23.15,1.46,70,4795
4620610.06,2021S05074620610.06,4620610.06,2822,17,14.2,4.33,3.01,21.33,0.69,20,2880
4620610.07,2021S05074620610.07,4620610.07,4659,29.7,41.5,3.99,2.15,20.98,1.54,50,3255
4620611.01,2021S05074620611.01,4620611.01,3036,18.7,15.6,2.84,3.45,19.47,0.53,15,2820
4620611.02,2021S05074620611.02,4620611.02,5839,17.9,13.8,5.48,3.43,21.43,0.6,35,5840
4620612,2021S05074620612.00,4620612,4813,18.6,14,4.91,3.75,22.69,0.75,35,4690
4620613,2021S05074620613.00,4620613,7813,18.7,13.9,7.56,3.68,22.2,1.16,90,7745
4620614,2021S05074620614.00,4620614,3827,17.2,15.5,5.42,1.96,25.59,1.42,55,3880
4620615,2021S05074620615.00,4620615,5848,19,13.2,7.14,2.92,22.8,1.43,85,5945
4620616,2021S05074620616.00,4620616,6896,21,16.7,6.17,2.91,20.3,1.13,75,6645
4620617.01,2021S05074620617.01,4620617.01,5616,15.8,18.3,3.95,2.69,18,0.54,30,5565
4620617.02,2021S05074620617.02,4620617.02,3904,13.9,17.9,3.19,2.05,18.77,0.74,30,4075
4620618,2021S05074620618.00,4620618,3611,19.4,24,4.86,1.58,30.03,0.76,25,3290
4620619,2021S05074620619.00,4620619,5885,23.6,34.4,6.59,2.42,38.42,0.46,25,5390
4620625.01,2021S05074620625.01,4620625.01,6036,7,15.2,2.1,1,12.33,0.48,30,6195
4620625.02,2021S05074620625.02,4620625.02,7955,4.5,11.9,1.95,1.01,10.59,0.69,55,7955
4620626,2021S05074620626.00,4620626,7631,4.6,12.3,1.96,1.11,12.92,1.11,85,7630
4620627,2021S05074620627.00,4620627,6628,10.9,22.6,1.17,1.08,25.23,0.84,50,5970
4620628.01,2021S05074620628.01,4620628.01,4820,8.7,18.3,2.66,1.45,14.9,0.74,35,4705
4620628.02,2021S05074620628.02,4620628.02,3746,8,16.5,4.15,1.07,15.34,0.26,10,3855
4620629,2021S05074620629.00,4620629,3515,4.7,23.8,1.28,1.85,8.71,0.85,30,3515
4620630.01,2021S05074620630.01,4620630.01,3710,3.6,21,1.35,1.35,9.58,0.0,0,3700
4620630.02,2021S05074620630.02,4620630.02,5177,5.2,25.4,1.38,0.89,9.51,0.39,20,5080
4620631,2021S05074620631.00,4620631,7777,3.9,10.7,0.77,1.35,10.79,0.13,10,7770
4620632.01,2021S05074620632.01,4620632.01,5094,7,22,3,1.28,14.57,1.3,65,5000
4620632.02,2021S05074620632.02,4620632.02,4836,8.1,17.4,2.85,1.96,12.96,0.81,40,4920
4620632.03,2021S05074620632.03,4620632.03,5789,6.5,36.3,1.22,1.38,12.22,0.77,35,4520
4620632.04,2021S05074620632.04,4620632.04,6996,7.2,19.5,1.79,1.15,15.31,0.72,50,6990
4620633,2021S05074620633.00,4620633,5272,7.2,28.3,2.64,1.24,14.25,1.01,50,4930
4620634,2021S05074620634.00,4620634,3212,10.1,18.2,5.43,1.72,14.29,0.78,25,3225
4620635,2021S05074620635.00,4620635,5666,14.3,32,2.54,1.5,28.33,1.83,90,4930
4620636,2021S05074620636.00,4620636,7443,13.5,14.9,4.71,1.61,15.31,1.21,90,7430
4620637.01,2021S05074620637.01,4620637.01,4978,7.5,20.4,2.48,2.11,14.81,0.5,25,5035
4620637.02,2021S05074620637.02,4620637.02,4344,15.2,16.7,2.81,1.61,18.62,1.64,70,4280
4620638.01,2021S05074620638.01,4620638.01,5428,11.7,19.9,6.26,1.93,18.45,0.46,25,5425
4620638.02,2021S05074620638.02,4620638.02,2204,8,18.9,6.24,2.72,11.59,1.62,35,2160
4620638.03,2021S05074620638.03,4620638.03,4605,13.8,15.5,6.05,2.18,21.63,0.86,40,4625
4620638.04,2021S05074620638.04,4620638.04,6570,17.3,13.9,7.76,2.66,19.75,0.84,55,6570
4620639,2021S05074620639.00,4620639,4195,15.7,27.9,4.8,2.02,24.63,1.13,45,3965
4620640,2021S05074620640.00,4620640,4497,13.8,25.1,4.66,2.02,30.41,1.44,60,4180
4620641.01,2021S05074620641.01,4620641.01,9049,13.2,24,6.49,1.71,22.83,1.01,85,8395
4620641.02,2021S05074620641.02,4620641.02,4179,11.3,13.6,5.62,2.4,23.45,0.85,35,4095
4620642,2021S05074620642.00,4620642,7814,14,17.9,4.44,2.12,19.02,0.45,35,7765
4620643.01,2021S05074620643.01,4620643.01,7446,7.6,15.4,2.65,1.91,27.15,0.41,30,7360
4620643.02,2021S05074620643.02,4620643.02,10182,16,35.4,5.7,2.32,34.84,1.14,110,9650
4620643.03,2021S05074620643.03,4620643.03,5735,16.5,16.7,11.25,5.49,23.11,0.44,25,5735
4620644,2021S05074620644.00,4620644,1244,7.6,19.7,2.02,2.01,9.9,0.0,0,1235
4620645,2021S05074620645.00,4620645,5719,24.4,36,7.64,4.37,27.27,0.41,20,4845
4620646.01,2021S05074620646.01,4620646.01,3906,27.3,14,19.79,7.15,20.72,0.53,20,3765
4620646.02,2021S05074620646.02,4620646.02,4009,16.5,20.7,10.9,5.49,21.66,0.74,30,4035
4620646.03,2021S05074620646.03,4620646.03,4036,19.6,26.3,9.49,3.39,35.92,0.63,25,3950
4620647.01,2021S05074620647.01,4620647.01,3229,13.9,59.1,3.2,1.24,26.11,0.91,30,3280
4620647.02,2021S05074620647.02,4620647.02,8016,15.6,33.9,6.78,3.88,29.46,0.4,30,7520
4620648,2021S05074620648.00,4620648,5330,12.2,21,6.19,5.53,15.83,0.28,15,5410
4620649.01,2021S05074620649.01,4620649.01,2701,11.6,22,6.34,5.18,20,1.27,35,2755
4620649.02,2021S05074620649.02,4620649.02,5434,11.8,23.6,7.99,6.62,18.23,0.19,10,5380
4620650.01,2021S05074620650.01,4620650.01,4401,12,23.1,5.41,6.13,22.47,0.0,0,4340
4620650.02,2021S05074620650.02,4620650.02,4168,15.6,18.7,7.89,5.56,24.83,0.24,10,4190
4620650.04,2021S05074620650.04,4620650.04,6944,11.1,11.6,6.1,3.17,22.85,0.51,35,6805
4620650.05,2021S05074620650.05,4620650.05,4189,11.3,18.6,5.49,4.65,17.59,0.0,0,4100
4620651.01,2021S05074620651.01,4620651.01,6460,8.8,18.7,5.03,3.87,14.74,0.85,55,6460
4620651.02,2021S05074620651.02,4620651.02,8319,5,10.8,2.94,3.85,12.74,0.18,15,8325
4620652.01,2021S05074620652.01,4620652.01,9150,6.4,18.5,2.17,1.74,22.96,0.33,30,8990
4620652.04,2021S05074620652.04,4620652.04,4218,4.9,16.6,4.84,1.66,9.32,0.45,20,4450
4620652.06,2021S05074620652.06,4620652.06,4020,4,11.2,3.49,1,10.27,1.62,65,4010
4620652.07,2021S05074620652.07,4620652.07,9603,4.5,11.6,2.45,1.72,14.63,0.16,15,9585
4620652.08,2021S05074620652.08,4620652.08,5115,5.2,8.7,3.39,2.45,14.06,0.21,10,4865
4620652.09,2021S05074620652.09,4620652.09,4257,6.5,8.7,3.7,3.76,16.02,0.0,0,4190
4620653,2021S05074620653.00,4620653,941,4.8,22.8,0,0,14.29,0.0,0,975
4620654,2021S05074620654.00,4620654,879,5.2,27.8,2.16,0,14.86,1.62,15,925
4620655.01,2021S05074620655.01,4620655.01,4328,9.4,15.9,1.32,1.04,18.48,3.96,165,4165
4620655.02,2021S05074620655.02,4620655.02,6706,7.5,14.6,2.64,1.06,11.4,1.44,95,6615
4620656.01,2021S05074620656.01,4620656.01,8223,8.9,26.3,3.32,1.24,25.66,1.37,105,7680
4620656.03,2021S05074620656.03,4620656.03,3826,6,15.6,2.77,1.19,8.45,1.45,55,3785
4620656.04,2021S05074620656.04,4620656.04,7473,3.2,9.2,3.34,2.41,14.13,0.4,30,7470
4620657.01,2021S05074620657.01,4620657.01,3659,8.5,18.3,3.12,2.19,16.32,1.28,45,3525
4620657.02,2021S05074620657.02,4620657.02,5768,6.1,17.1,2.71,1.56,12.24,1.02,60,5905
4620657.03,2021S05074620657.03,4620657.03,4354,4.4,13,2.53,2.53,8.42,0.23,10,4350
4620658.01,2021S05074620658.01,4620658.01,4427,6.6,22.2,4.66,1.81,13.41,0.57,25,4395
4620658.02,2021S05074620658.02,4620658.02,3198,4.3,22.5,2.33,1.25,5.04,0.78,25,3225
4620658.03,2021S05074620658.03,4620658.03,8160,4.8,15.9,2.88,1.16,11.57,0.92,75,8160
4620659.04,2021S05074620659.04,4620659.04,4910,2,7.8,1.31,1.22,9.01,0.2,10,4970
4620659.05,2021S05074620659.05,4620659.05,7349,2.8,14.8,2.04,0.75,6.41,0.95,70,7350
4620659.06,2021S05074620659.06,4620659.06,4134,9.2,27.8,1.49,0.63,22.8,1.24,50,4030
4620659.08,2021S05074620659.08,4620659.08,6542,3.9,11.9,1.63,1.01,9.89,0.78,50,6450
4620659.09,2021S05074620659.09,4620659.09,3587,2.5,5,2.94,2.65,10.2,0.28,10,3575
4620659.1,2021S05074620659.10,4620659.1,3594,0.8,7,2.02,1.11,6.5,0.43,15,3465
4620659.11,2021S05074620659.11,4620659.11,7292,7,16.4,3.53,0.84,13.1,0.63,45,7095
4620660.01,2021S05074620660.01,4620660.01,5373,2.9,11.5,1.49,1.3,8.06,0.47,25,5365
4620660.02,2021S05074620660.02,4620660.02,5586,6.2,19.1,2.42,1.34,14.94,1.25,70,5580
4620660.03,2021S05074620660.03,4620660.03,7456,5.3,17.6,0.82,0.68,11.64,0.75,55,7330
4620661.01,2021S05074620661.01,4620661.01,9732,5.2,12.6,1.2,0.67,10.78,1.09,105,9620
4620661.03,2021S05074620661.03,4620661.03,4457,4.4,14.5,0.92,0.79,10.56,0.81,35,4320
4620661.04,2021S05074620661.04,4620661.04,4604,5.2,14.1,2.03,0.65,9.22,0.75,35,4685
4620662,2021S05074620662.00,4620662,4811,4.8,20.2,0.33,0.53,11.81,2.33,105,4510
4620675,2021S05074620675.00,4620675,6365,11.5,41.4,0.79,0.16,29.54,1.02,65,6345
4620676.01,2021S05074620676.01,4620676.01,3640,7.2,21.3,0.7,0.14,9.89,1.27,45,3545
4620676.02,2021S05074620676.02,4620676.02,2931,3.6,25,0.34,0.17,7.52,2.71,80,2950
4620676.03,2021S05074620676.03,4620676.03,2341,3.8,25.2,1.07,0.64,8.11,2.13,50,2345
4620676.04,2021S05074620676.04,4620676.04,3303,3.9,26.8,0,0.16,8.62,1.13,35,3095
4620677.01,2021S05074620677.01,4620677.01,6374,9.5,30.2,1.07,0.24,15.25,0.41,25,6045
4620677.02,2021S05074620677.02,4620677.02,5271,11.9,27.6,0.95,0.28,16.48,1.61,85,5265
4620677.05,2021S05074620677.05,4620677.05,4998,3.1,18.6,0.41,0.3,8.68,0.51,25,4925
4620677.07,2021S05074620677.07,4620677.07,3822,6.5,16.5,1.03,0.39,8.89,2.33,90,3865
4620677.09,2021S05074620677.09,4620677.09,4342,5.5,18.8,0.46,0.23,10.88,0.92,40,4345
4620677.1,2021S05074620677.10,4620677.1,4717,4.1,24.2,0.66,0.22,14.44,0.55,25,4525
4620677.11,2021S05074620677.11,4620677.11,3913,2,10.9,1.43,0.64,10.04,0.91,35,3840
4620677.12,2021S05074620677.12,4620677.12,4924,3,6.9,1.4,0.41,13.97,0.7,35,5000
4620677.13,2021S05074620677.13,4620677.13,4071,4.9,14,1.28,0.25,10.8,0.64,25,3900
4620677.14,2021S05074620677.14,4620677.14,3400,3,13.2,1.27,0.59,6.9,0.57,20,3530
4620681,2021S05074620681.00,4620681,3360,7.1,17.7,0.3,0,13.31,1.49,50,3345
4620682.02,2021S05074620682.02,4620682.02,2742,11.4,27.3,0.38,0.18,24.79,2.3,60,2610
4620682.04,2021S05074620682.04,4620682.04,3353,6.3,20.7,0,0.3,16.61,1.04,35,3380
4620682.05,2021S05074620682.05,4620682.05,2888,5.8,18.5,0.88,0.35,9.17,1.75,50,2855
4620682.06,2021S05074620682.06,4620682.06,5128,3,10.5,1.16,0.39,6.82,0.58,30,5160
4620682.07,2021S05074620682.07,4620682.07,3307,5.7,13.6,1.55,0.31,9.2,0.46,15,3230
4620682.08,2021S05074620682.08,4620682.08,4270,3.6,9.8,0.47,0.35,7.76,0.47,20,4245
4620683,2021S05074620683.00,4620683,6302,11.1,25.2,0.63,0.4,15.63,1.27,80,6305
4620684.05,2021S05074620684.05,4620684.05,7000,4.6,18.1,0.79,0.29,13.43,1.0,70,7000
4620684.08,2021S05074620684.08,4620684.08,5707,2.7,8.7,0.86,0.26,8.18,0.95,55,5820
4620684.09,2021S05074620684.09,4620684.09,3436,5.2,12.8,0.3,0.29,8.44,1.05,35,3325
4620684.1,2021S05074620684.10,4620684.1,4031,5.6,14.6,0.99,0.5,8.92,1.24,50,4045
4620684.11,2021S05074620684.11,4620684.11,4495,6.6,16,0.56,0.33,14.93,1.12,50,4475
4620684.12,2021S05074620684.12,4620684.12,3069,7.6,46.6,1.61,0.2,27.43,1.21,30,2480
4620684.13,2021S05074620684.13,4620684.13,6227,2.8,10.2,0.88,0.56,7.88,0.64,40,6250
4620684.14,2021S05074620684.14,4620684.14,1895,4.3,12.1,1.31,0.53,18.12,0.79,15,1900
4620685.02,2021S05074620685.02,4620685.02,4167,8.9,15.6,0.24,0.24,12.96,2.31,95,4105
4620685.03,2021S05074620685.03,4620685.03,6698,8.3,18.7,0.75,0.23,16.92,0.75,50,6690
4620685.04,2021S05074620685.04,4620685.04,3023,3.1,16,0,0.17,9.73,2.83,85,3005
4620685.05,2021S05074620685.05,4620685.05,4492,7.1,20.6,0.68,0.11,12.25,1.71,75,4390
4620685.07,2021S05074620685.07,4620685.07,5912,3.4,12.1,1.1,0.08,9.62,1.52,90,5910
4620685.09,2021S05074620685.09,4620685.09,3667,5.4,21.8,0.76,0.27,12.46,0.0,0,3295
4620685.1,2021S05074620685.10,4620685.1,4595,5,16.6,0.96,0.22,13.25,1.82,85,4670
4620685.11,2021S05074620685.11,4620685.11,2853,2.8,11.8,1.32,0.35,10.17,0.0,0,2650
4620686.01,2021S05074620686.01,4620686.01,7961,4.7,11.8,0.69,0.25,12.88,0.75,60,7960
4620686.02,2021S05074620686.02,4620686.02,4161,5.4,14.7,1.35,0.24,10.32,1.72,70,4075
4620686.03,2021S05074620686.03,4620686.03,3654,5.6,25,1.34,0.3,9.96,1.79,60,3350
4620687.01,2021S05074620687.01,4620687.01,4482,5.2,17.7,0.23,0.45,10.57,0.23,10,4420
4620687.04,2021S05074620687.04,4620687.04,4816,5,21.6,0.96,0.21,11.44,0.43,20,4685
4620687.06,2021S05074620687.06,4620687.06,5482,5.8,17.1,0.96,0.36,12.56,1.34,70,5215
4620687.07,2021S05074620687.07,4620687.07,6607,3.6,25.4,2.13,0.33,12.37,1.31,80,6105
4620687.09,2021S05074620687.09,4620687.09,3526,5,12.2,0.85,0.28,10.27,1.98,70,3540
4620687.11,2021S05074620687.11,4620687.11,3126,6.8,12.5,0.77,0,14.72,2.47,80,3235
4620687.12,2021S05074620687.12,4620687.12,6147,3,8.2,0.5,0.73,10.69,0.75,45,6030
4620687.13,2021S05074620687.13,4620687.13,6136,4.7,11,1.06,0.49,10.17,0.98,60,6105
4620687.14,2021S05074620687.14,4620687.14,6645,3.4,11.4,1.15,0.31,16.56,1.61,105,6525
4620688.02,2021S05074620688.02,4620688.02,4136,9.2,13.4,0,0.29,13.7,1.27,45,3555
4620688.03,2021S05074620688.03,4620688.03,5572,10.1,19.4,0,0.09,20.39,1.89,105,5550
4620688.04,2021S05074620688.04,4620688.04,5513,6.1,11.9,0.28,0,9.44,2.13,115,5405
4620689.01,2021S05074620689.01,4620689.01,7001,5.5,11.9,0.86,0.36,11.2,2.14,150,7000
4620689.02,2021S05074620689.02,4620689.02,3762,6,11.7,0.77,0.13,10.41,2.17,85,3920
4620689.04,2021S05074620689.04,4620689.04,5662,6.6,10.4,0.91,0.35,13.22,2.0,110,5510
4620689.05,2021S05074620689.05,4620689.05,3130,6.2,8.6,1.65,0.48,13.04,2.31,70,3030
4620689.06,2021S05074620689.06,4620689.06,5151,6.5,9.6,1.15,0.29,13.48,1.44,75,5205
4620690,2021S05074620690.00,4620690,8310,7.1,16.1,0.84,0.18,14.52,2.35,195,8295
4620691,2021S05074620691.00,4620691,6115,8.5,16.9,0.74,0.08,13.16,2.07,125,6045
4620692.01,2021S05074620692.01,4620692.01,7142,4.2,13.1,0.21,0.07,10.71,0.99,70,7070
4620692.02,2021S05074620692.02,4620692.02,2279,9,21.1,0.44,0.22,12.57,1.97,45,2290
4620693,2021S05074620693.00,4620693,5329,13.8,31.7,0.7,0.1,23.15,1.9,95,5010
4620694.01,2021S05074620694.01,4620694.01,4904,5.2,10.4,1.79,0.31,9.12,1.26,60,4745
4620694.02,2021S05074620694.02,4620694.02,3788,4.2,10,0,0.13,8.3,2.7,105,3895
4620700.01,2021S05074620700.01,4620700.01,5078,15.4,23.4,0.52,0.2,23.58,1.98,95,4795
4620700.03,2021S05074620700.03,4620700.03,2854,13.2,25,3.1,0.53,18.33,1.21,35,2900
4620700.04,2021S05074620700.04,4620700.04,4479,12.2,23.4,0.88,0.22,17.39,1.88,85,4515
4620701.01,2021S05074620701.01,4620701.01,3374,6.9,11,1.38,0.15,14.6,0.31,10,3265
4620701.02,2021S05074620701.02,4620701.02,6785,8.5,17.4,2.21,0.29,15.1,1.62,110,6780
4620702.01,2021S05074620702.01,4620702.01,2672,3.4,23.4,0,0,5.91,0.0,0,2605
4620702.02,2021S05074620702.02,4620702.02,6830,2.8,15.1,1.38,0.37,8.86,0.73,50,6890
4620703.02,2021S05074620703.02,4620703.02,4045,7,26.3,0.74,0.62,13.54,1.48,60,4050
4620703.03,2021S05074620703.03,4620703.03,4487,5.2,17.9,0.56,0.56,12.08,1.34,60,4470
4620703.04,2021S05074620703.04,4620703.04,5558,3.4,17,0.63,0.63,10.23,2.07,115,5545
4620704.01,2021S05074620704.01,4620704.01,4968,12,17.1,1.31,0.71,18.05,1.91,95,4975
4620704.04,2021S05074620704.04,4620704.04,4299,3.2,15.9,0.83,0.58,9.52,0.47,20,4220
4620704.05,2021S05074620704.05,4620704.05,5965,5.3,13.8,1.26,0.34,11.52,1.59,95,5965
4620704.06,2021S05074620704.06,4620704.06,2076,6.8,16.4,1.42,1.45,13.94,1.9,40,2110
4620704.08,2021S05074620704.08,4620704.08,5252,8.2,7,1.08,9.81,12.72,0.49,25,5090
4620704.09,2021S05074620704.09,4620704.09,5748,7.6,21.8,1.52,0.43,26.81,1.95,115,5905
4620705.01,2021S05074620705.01,4620705.01,3338,2.9,20.8,0,0.45,6.12,1.21,40,3300
4620705.02,2021S05074620705.02,4620705.02,5003,10.7,32.1,0.66,0.3,20.52,3.17,145,4575
4620706,2021S05074620706.00,4620706,3756,17,22.7,1.88,0.4,25.62,1.21,45,3710
4620707,2021S05074620707.00,4620707,5530,17.6,36.7,1.01,0.42,27.65,0.9,40,4450
4620708.01,2021S05074620708.01,4620708.01,4630,11.5,13.9,1.63,0.54,17.14,2.07,95,4590
4620708.02,2021S05074620708.02,4620708.02,4276,8.7,30.1,0.71,0.36,17.87,0.59,25,4225
4620709.01,2021S05074620709.01,4620709.01,9706,5.8,22.4,1.57,0.49,17.71,1.51,140,9250
4620709.02,2021S05074620709.02,4620709.02,6406,6.8,15.1,1.64,0.55,12.24,1.33,85,6395
4620710.03,2021S05074620710.03,4620710.03,8619,5.1,12.6,1.4,0.35,9.21,1.11,95,8555
4620710.05,2021S05074620710.05,4620710.05,9560,3.4,11.8,1.26,0.58,14.4,1.15,110,9540
4620710.06,2021S05074620710.06,4620710.06,3346,4.3,15.7,1.05,0.15,10.63,0.3,10,3345
4620710.07,2021S05074620710.07,4620710.07,5022,5,15.2,0.2,0.41,12.31,1.0,50,5025
4620710.08,2021S05074620710.08,4620710.08,4182,9,14.9,0.62,0.48,10.78,2.09,85,4070
4620710.09,2021S05074620710.09,4620710.09,5378,3.4,9,1.43,0.76,9.91,0.96,50,5235
4620710.1,2021S05074620710.10,4620710.1,4911,4.8,14.4,1.74,0.51,22.77,0.72,35,4885
4620710.11,2021S05074620710.11,4620710.11,2689,4,12.5,1.85,0.37,7.21,2.77,75,2705
4620725.03,2021S05074620725.03,4620725.03,3613,6.7,21.6,1.09,0.42,13.58,0.68,25,3680
4620725.04,2021S05074620725.04,4620725.04,3482,6.2,23.4,0.29,0.58,12.2,1.88,65,3460
4620725.06,2021S05074620725.06,4620725.06,2433,6.1,17,0.86,0.61,10,2.8,65,2325
4620725.07,2021S05074620725.07,4620725.07,6244,3.2,9.6,1.19,0.4,5.95,1.03,65,6310
4620725.09,2021S05074620725.09,4620725.09,3813,2.2,25.7,0.47,0.39,7.5,2.36,75,3180
4620725.1,2021S05074620725.10,4620725.1,5073,5.2,16.9,1.1,0.7,14.53,1.19,60,5025
4620726.01,2021S05074620726.01,4620726.01,6373,11.5,26.1,1.67,0.39,16.95,1.98,125,6300
4620726.03,2021S05074620726.03,4620726.03,4915,13.5,19.1,1.22,0.51,18.75,3.56,175,4910
4620726.04,2021S05074620726.04,4620726.04,1804,3,19.7,0.53,0.83,5.11,1.6,30,1870
4620727.01,2021S05074620727.01,4620727.01,3281,16.3,31.6,1.37,0.46,23.78,1.37,45,3285
4620727.02,2021S05074620727.02,4620727.02,4245,15,31.3,1.4,0.25,24.68,1.65,65,3935
4620728.01,2021S05074620728.01,4620728.01,6533,4.9,10.9,1.45,0.61,9.78,1.23,80,6530
4620728.02,2021S05074620728.02,4620728.02,4489,5.9,17.9,1.56,0.34,12.88,3.23,145,4495
4620728.03,2021S05074620728.03,4620728.03,2711,5.2,16.6,0.77,0.37,11.54,2.11,55,2605
4620729,2021S05074620729.00,4620729,4182,14.5,25.3,0.88,0.36,20.44,1.26,50,3965
4620730.01,2021S05074620730.01,4620730.01,13552,4.1,10.4,1.55,0.55,9.27,1.37,185,13520
4620730.02,2021S05074620730.02,4620730.02,6245,7.3,17.9,0.96,0.24,11.39,2.96,185,6240
4620731,2021S05074620731.00,4620731,6281,8.8,13.9,0.4,0.08,12.36,4.38,275,6280
4620732.01,2021S05074620732.01,4620732.01,7031,6.7,14.8,0.14,0.28,12.83,2.43,170,7010
4620732.03,2021S05074620732.03,4620732.03,,,,,,,,,
4620732.04,2021S05074620732.04,4620732.04,3968,8.8,21.4,0,0.25,12.06,8.34,325,3895
4620733.01,2021S05074620733.01,4620733.01,4356,9.4,18.7,0.25,0.58,14.14,3.13,125,3990
4620733.02,2021S05074620733.02,4620733.02,1784,13.8,23.5,0,0.57,16.89,2.38,40,1680
4620734.03,2021S05074620734.03,4620734.03,6377,4.2,8.7,0.53,0,9.07,1.82,120,6585
4620734.04,2021S05074620734.04,4620734.04,3946,7.7,18.1,0.49,0.13,16.52,2.08,85,4085
4620734.05,2021S05074620734.05,4620734.05,11018,4.3,10.5,1.61,0.64,12.92,1.15,125,10865
4620734.06,2021S05074620734.06,4620734.06,5093,6.8,9.8,0.19,0.2,10,1.85,95,5135
4620734.07,2021S05074620734.07,4620734.07,14150,7.1,9.9,0.96,0.21,14.55,1.67,235,14090
4620735.01,2021S05074620735.01,4620735.01,7054,8.8,18.5,0.36,0.21,17.31,1.49,105,7025
4620735.02,2021S05074620735.02,4620735.02,9114,6.9,13.6,0.61,0.22,13.49,1.43,130,9080
4620740.01,2021S05074620740.01,4620740.01,2283,11.5,25.2,0.44,0.22,12,4.61,105,2280
4620740.03,2021S05074620740.03,4620740.03,7458,7.2,12.2,0.13,0.2,11.09,1.87,140,7485
4620740.04,2021S05074620740.04,4620740.04,10282,5.5,8.9,0.78,0.19,10.6,1.17,120,10240
4620750.01,2021S05074620750.01,4620750.01,5484,4.6,15.1,1.28,0.64,11.17,1.1,60,5475
4620750.02,2021S05074620750.02,4620750.02,5943,3.6,12.5,1.68,0.67,8.31,1.18,70,5940
4620750.04,2021S05074620750.04,4620750.04,1887,6,17.8,0,0.53,12.96,1.86,35,1885
4620750.06,2021S05074620750.06,4620750.06,6164,12.1,22,2.28,0.7,20.04,2.83,155,5485
4620750.07,2021S05074620750.07,4620750.07,5474,7,17.2,1.14,0.64,17.03,2.11,120,5700
4620751.01,2021S05074620751.01,4620751.01,6884,7,18.6,1.16,0.58,13.29,1.38,95,6875
4620751.02,2021S05074620751.02,4620751.02,7867,4.2,15.4,2.11,0.89,11.99,2.17,170,7825
4620755.01,2021S05074620755.01,4620755.01,9131,7.9,15.3,1.55,0.77,15.94,1.44,130,9045
4620755.03,2021S05074620755.03,4620755.03,4312,7,23.8,3.01,1.86,37.63,0.58,25,4310
4620755.04,2021S05074620755.04,4620755.04,6011,5.8,10.4,4.03,1.58,13.11,0.16,10,6070
4620755.05,2021S05074620755.05,4620755.05,5666,4.3,4.9,4.38,3.09,16.52,1.43,80,5595
4620756.02,2021S05074620756.02,4620756.02,1050,4,15.6,0,0,8.75,2.38,25,1050
4620756.03,2021S05074620756.03,4620756.03,7187,4.1,15.9,2.92,0.97,10.69,0.76,55,7190
4620756.04,2021S05074620756.04,4620756.04,6297,7.1,22.6,1.02,0.83,13.49,1.19,70,5875
4620756.05,2021S05074620756.05,4620756.05,6870,10.3,26.7,3.65,0.93,15.59,1.67,105,6290
4620757,2021S05074620757.00,4620757,5411,8.9,31,1.48,0.28,18.49,1.11,60,5415
4620758.03,2021S05074620758.03,4620758.03,4382,4.7,16.1,0.91,0.34,12.67,0.8,35,4375
4620758.04,2021S05074620758.04,4620758.04,5888,3.1,13.3,0.17,0.42,12.69,2.12,125,5890
4620758.05,2021S05074620758.05,4620758.05,4404,4.3,13.2,0.34,0.23,11.4,1.02,45,4410
4620758.06,2021S05074620758.06,4620758.06,7680,4.8,11.5,1.89,1.17,14.39,0.59,45,7675
4620760,2021S05074620760.00,4620760,7184,5.5,14.1,0.35,0.49,9.11,1.61,115,7155
4620775,2021S05074620775.00,4620775,2390,6.8,21.5,0.63,0.21,16.16,2.72,65,2390
4620776,2021S05074620776.00,4620776,3719,8,21.8,0,0,13.57,1.43,55,3840
4620777.01,2021S05074620777.01,4620777.01,4742,10.5,20.5,1.09,0.11,16.59,0.76,35,4585
4620777.02,2021S05074620777.02,4620777.02,5177,13.5,21.3,0,0,17.49,3.53,180,5100
4620780,2021S05074620780.00,4620780,3776,15.1,24.4,0.26,0.27,16.01,2.11,80,3800
4620781,2021S05074620781.00,4620781,5813,25.9,40.6,1.73,0.53,38.45,2.09,115,5505
4620782,2021S05074620782.00,4620782,3439,20.1,28.8,1.19,0.3,22.83,2.38,80,3355
4620783,2021S05074620783.00,4620783,6591,21,36.6,0.81,0.48,36.42,1.38,85,6150
4620784,2021S05074620784.00,4620784,4033,30.7,34.4,1.32,0.5,28.97,1.9,65,3425
4620785,2021S05074620785.00,4620785,5382,19.9,24.1,1.53,0.96,21.67,3.17,155,4890
4620786,2021S05074620786.00,4620786,4602,13.5,27.3,0.47,0.12,14.91,1.78,75,4220
4620787.01,2021S05074620787.01,4620787.01,3241,5.9,13.6,1.86,0.46,8.95,1.24,40,3230
4620787.02,2021S05074620787.02,4620787.02,5098,11.5,20.8,0.47,0.2,15,1.04,55,5290
4620788,2021S05074620788.00,4620788,5759,17.6,30.3,1.07,0.17,23.34,1.6,90,5630
4620789.01,2021S05074620789.01,4620789.01,5206,7.8,15.7,0.19,0.1,13.75,2.81,145,5165
4620789.02,2021S05074620789.02,4620789.02,3967,9,15.6,1.36,0.25,20.77,1.73,70,4035
4620790.01,2021S05074620790.01,4620790.01,4826,8.4,15.6,0.72,0.1,17.11,2.06,100,4860
4620790.02,2021S05074620790.02,4620790.02,3735,8.5,18.5,0.8,0.27,14.66,1.06,40,3765
4620791.01,2021S05074620791.01,4620791.01,3185,4.6,17.1,1.29,0.31,12.25,0.48,15,3110
4620791.02,2021S05074620791.02,4620791.02,6965,6.7,12.9,2,0.36,12.89,1.43,100,7015
4620792,2021S05074620792.00,4620792,4595,8.6,16.8,0,0.11,14.02,1.68,75,4460
4620800.01,2021S05074620800.01,4620800.01,5371,9.4,15.5,2.25,0.84,19.12,4.12,220,5340
4620800.02,2021S05074620800.02,4620800.02,5630,12,23.6,1.51,0.89,27.85,3.47,195,5615
4620801,2021S05074620801.00,4620801,7550,10,19.2,2.47,0.8,18.06,2.87,215,7495
4620802,2021S05074620802.00,4620802,3317,8.9,17.8,1.52,0.3,16.17,3.35,110,3285
4620804.01,2021S05074620804.01,4620804.01,7905,9.4,19.9,1.77,0.71,15.83,2.5,190,7615
4620804.02,2021S05074620804.02,4620804.02,2345,7,13,2.87,0.64,13.69,1.84,45,2440
4620805.01,2021S05074620805.01,4620805.01,5612,8,23.8,3.12,1.27,18.2,1.04,55,5290
4620805.02,2021S05074620805.02,4620805.02,4138,12.2,23.8,2.01,0.73,15.48,2.63,105,3985
4620806.01,2021S05074620806.01,4620806.01,3539,14.4,16.9,4.42,0.85,16.55,3.28,115,3505
4620806.02,2021S05074620806.02,4620806.02,5408,4.9,17.3,1.2,0.65,11.28,2.12,115,5420
4620807.01,2021S05074620807.01,4620807.01,9508,5,12.7,0.79,0.37,9.19,2.3,220,9545
4620807.02,2021S05074620807.02,4620807.02,5118,6.4,15.6,2.59,0.29,11,2.89,145,5025
4620825.02,2021S05074620825.02,4620825.02,3806,10.6,20.3,3.05,3.02,16.23,0.53,20,3775
4620825.03,2021S05074620825.03,4620825.03,6128,16.1,16.8,10.26,4.49,21.93,1.4,85,6085
4620825.04,2021S05074620825.04,4620825.04,5261,12.5,24.1,3.71,5.51,14.19,0.29,15,5260
4620825.05,2021S05074620825.05,4620825.05,5178,14.2,20.8,6.8,5.12,19.5,0.86,45,5220
4620825.06,2021S05074620825.06,4620825.06,5204,7.1,21.8,3.57,2.62,11.25,0.87,45,5185
4620825.07,2021S05074620825.07,4620825.07,6998,9.2,10.9,4.83,5.14,17.24,0.64,45,7040
4620825.08,2021S05074620825.08,4620825.08,3581,9.4,11,4.95,3.77,24.84,0.28,10,3540
4620826.02,2021S05074620826.02,4620826.02,4669,9,22.4,5.47,3.54,12.21,0.64,30,4660
4620826.05,2021S05074620826.05,4620826.05,4016,9.3,28.1,2.54,5.6,16.27,0.24,10,4135
4620826.06,2021S05074620826.06,4620826.06,3963,14.4,20.2,12.68,5.05,17.99,0.92,35,3825
4620826.07,2021S05074620826.07,4620826.07,5437,10.4,50,4.34,2.85,32.09,0.46,20,4380
4620826.08,2021S05074620826.08,4620826.08,3338,7.9,26.5,4.78,3.44,13.93,0.45,15,3355
4620826.09,2021S05074620826.09,4620826.09,3767,9.2,34.5,4.52,5.33,17.99,0.0,0,3315
4620826.1,2021S05074620826.10,4620826.1,6085,12.2,20.1,5.02,6.91,19.82,0.0,0,6075
4620826.11,2021S05074620826.11,4620826.11,4251,13.4,26.3,7.66,4.56,14.42,0.38,15,3915
4620826.13,2021S05074620826.13,4620826.13,3877,8,18.9,4.55,6.7,16.35,0.0,0,3845
4620826.15,2021S05074620826.15,4620826.15,8171,11.3,10.2,6.63,4.16,23.96,0.37,30,8065
4620826.16,2021S05074620826.16,4620826.16,4541,12.2,17.7,5.56,5.94,30,0.0,0,4225
4620827.02,2021S05074620827.02,4620827.02,7397,15,24.5,2.57,1.17,22.18,1.6,115,7205
4620827.03,2021S05074620827.03,4620827.03,7285,4.5,16.1,2.06,1.51,10.75,1.03,75,7285
4620827.04,2021S05074620827.04,4620827.04,11724,4.8,13,2.99,1.32,15.8,0.6,70,11705
4620828.03,2021S05074620828.03,4620828.03,4944,4,14.9,2.34,0.71,11.68,0.81,40,4910
4620828.04,2021S05074620828.04,4620828.04,5027,6.8,21.3,1.19,0.7,21.67,1.88,95,5050
4620828.05,2021S05074620828.05,4620828.05,8342,4.9,13.1,4.19,1.68,13.77,1.14,95,8345
4620828.06,2021S05074620828.06,4620828.06,4684,3.6,19.3,3.55,1.77,11.3,1.89,80,4225
4620829,2021S05074620829.00,4620829,8328,6.5,17.4,1.08,0.3,14.24,1.14,95,8320
4620830.01,2021S05074620830.01,4620830.01,7071,7.2,16.3,1.08,0.42,12.76,1.87,130,6970
4620830.03,2021S05074620830.03,4620830.03,6091,5.9,23.2,1.37,0.35,13.53,2.57,140,5455
4620830.04,2021S05074620830.04,4620830.04,4185,4.6,15.9,1.32,0.6,16.05,0.84,35,4170
4620831.03,2021S05074620831.03,4620831.03,5179,8.6,22,1.59,0.29,16.22,0.8,40,5025
4620831.04,2021S05074620831.04,4620831.04,4632,4.6,12.8,1.81,0.65,9.07,1.6,75,4700
4620831.05,2021S05074620831.05,4620831.05,4679,3.4,13.6,2.25,0.85,8.07,1.07,50,4670
4620831.07,2021S05074620831.07,4620831.07,3095,7.5,16.8,0,0.16,8.26,4.12,125,3035
4620831.08,2021S05074620831.08,4620831.08,10576,4,11.5,2.43,0.95,11.89,1.38,145,10480
4620831.09,2021S05074620831.09,4620831.09,4132,4.1,9.2,1.08,0.48,7.24,0.84,35,4175
4620832,2021S05074620832.00,4620832,,,,,,,,,
4620833,2021S05074620833.00,4620833,7597,4.8,12.1,1.55,0.46,10,2.09,155,7415
4620834,2021S05074620834.00,4620834,2769,6.5,17,0.37,0.36,10.58,1.49,40,2690
4620850.03,2021S05074620850.03,4620850.03,5148,9.1,17.6,1.14,0.29,14.22,1.66,80,4830
4620850.04,2021S05074620850.04,4620850.04,4878,2,8.5,1.51,0.41,7.62,1.61,80,4960
4620850.05,2021S05074620850.05,4620850.05,3525,5.1,8.7,0.58,0.28,5.86,1.74,60,3440
4620850.06,2021S05074620850.06,4620850.06,5127,2.8,14.7,0.29,0.2,10.05,0.87,45,5185
4620850.07,2021S05074620850.07,4620850.07,6793,2.4,8.7,1.94,0.66,11.09,0.97,65,6715
4620851,2021S05074620851.00,4620851,5973,10.2,25.7,1.47,0.26,16.34,0.95,55,5775
4620852.02,2021S05074620852.02,4620852.02,932,7.4,17,0,0,13.16,1.07,10,935
4620852.03,2021S05074620852.03,4620852.03,2189,4,14.2,1.21,0.23,12.58,1.21,25,2065
4620852.04,2021S05074620852.04,4620852.04,5502,4.4,8.9,1.16,0.45,10.77,0.62,35,5605
4620852.05,2021S05074620852.05,4620852.05,3117,3.7,12.5,1.12,0.64,11.11,0.96,30,3135
4620853.02,2021S05074620853.02,4620853.02,5631,4.5,15.1,1.45,0.18,10.62,1.18,65,5515
4620853.03,2021S05074620853.03,4620853.03,5809,4.2,16,1.04,0.17,12.3,1.56,90,5770
4620853.04,2021S05074620853.04,4620853.04,5613,2.6,12.5,0.62,0.18,7.93,0.89,50,5610
4620854.01,2021S05074620854.01,4620854.01,5486,3.3,25.3,0.47,0.19,7.81,0.76,40,5280
4620854.02,2021S05074620854.02,4620854.02,5980,3.2,24.6,1.84,0.08,7.68,1.26,75,5975
4620855.01,2021S05074620855.01,4620855.01,4808,3.4,21.2,1.04,0.21,7.25,0.31,15,4810
4620855.03,2021S05074620855.03,4620855.03,6481,8.1,27.3,1.8,0.31,17.6,1.73,110,6375
4620855.04,2021S05074620855.04,4620855.04,3518,1.7,11.5,2.29,0.43,7.96,1.43,50,3490
4620856,2021S05074620856.00,4620856,3588,9,15,2.35,0.7,22.51,1.39,50,3610
4620857.01,2021S05074620857.01,4620857.01,5310,9.5,25.8,1.14,0.94,18.24,1.14,60,5270
4620857.02,2021S05074620857.02,4620857.02,4294,8.7,18.8,2.07,0.82,11.94,1.15,50,4355
4620857.06,2021S05074620857.06,4620857.06,5696,6.8,17,1.94,0.79,11.8,1.33,75,5660
4620857.07,2021S05074620857.07,4620857.07,7509,3.8,12.5,2.14,0.93,7.06,1.14,85,7475
4620857.08,2021S05074620857.08,4620857.08,5836,10.6,27.7,1.85,0.78,20.27,1.4,80,5695
4620857.09,2021S05074620857.09,4620857.09,5424,5.7,18.6,2.96,0.92,16.16,0.65,35,5405
4620857.1,2021S05074620857.10,4620857.1,7888,4.6,13.1,3.21,1.16,14.72,0.9,70,7780
4620857.11,2021S05074620857.11,4620857.11,3606,5.3,16.4,3.29,0.97,8.67,2.33,85,3645
4620857.12,2021S05074620857.12,4620857.12,4053,4.5,17.5,2.49,0.86,10.46,2.0,80,4010
4620858.01,2021S05074620858.01,4620858.01,4910,5.8,18.5,2.99,0.81,8.94,1.24,60,4845
4620858.02,2021S05074620858.02,4620858.02,3988,10.6,19.3,6.08,1.89,13.56,1.49,60,4030
4620858.04,2021S05074620858.04,4620858.04,5772,4.5,17,1.55,1.82,11.57,1.37,80,5820
4620858.05,2021S05074620858.05,4620858.05,3318,5.7,12.5,2.6,1.21,8.05,0.46,15,3270
4620859,2021S05074620859.00,4620859,3254,11.6,14.9,6.31,5.22,16.81,1.38,45,3250
4620860.01,2021S05074620860.01,4620860.01,6199,7.1,20.8,2.9,1.77,11.07,0.81,50,6200
4620860.02,2021S05074620860.02,4620860.02,4028,13.9,18.4,5.22,2.51,16.41,0.76,30,3925
4620861,2021S05074620861.00,4620861,6970,17.3,23.7,4.61,1.78,21.29,1.9,130,6840
4620862,2021S05074620862.00,4620862,6833,11,33.1,4.97,1.16,21.27,0.39,25,6440
4620863.01,2021S05074620863.01,4620863.01,3686,7.8,25.2,2.23,0.68,22.33,1.25,45,3590
4620863.02,2021S05074620863.02,4620863.02,7102,11.6,33.9,3.02,0.6,23.67,0.68,45,6620
4620864,2021S05074620864.00,4620864,5140,5.2,18.6,0.68,0.19,15,1.07,55,5140
4620865,2021S05074620865.00,4620865,1829,20.6,15.6,6.3,0.55,26.24,2.36,45,1905
4620866,2021S05074620866.00,4620866,3223,22.5,16,3.7,0.78,23.39,1.28,40,3115
4620867,2021S05074620867.00,4620867,6932,15.8,17.2,4.71,1.03,19.82,1.87,125,6690
4620868.01,2021S05074620868.01,4620868.01,6184,10.9,18.1,3.89,1.21,15.79,1.13,70,6175
4620868.02,2021S05074620868.02,4620868.02,6590,14.9,13.7,5.98,1.6,19.57,2.12,140,6600
4620869,2021S05074620869.00,4620869,3145,7.1,26.1,1.75,0.65,16.34,1.28,40,3135
4620870.01,2021S05074620870.01,4620870.01,3735,14.7,15.1,3.81,0.67,16.2,2.31,85,3680
4620870.02,2021S05074620870.02,4620870.02,2306,14.2,20.2,6.08,1.08,15.42,0.42,10,2380
4620871.01,2021S05074620871.01,4620871.01,3866,18.5,19.9,5.84,1.3,20.99,1.46,55,3770
4620871.02,2021S05074620871.02,4620871.02,2058,7.7,20,2.67,0.97,13.1,0.73,15,2060
4620872,2021S05074620872.00,4620872,6671,17,14.3,6.33,0.9,19.77,1.5,100,6645
4620873.01,2021S05074620873.01,4620873.01,4452,21.7,12.2,7.51,1.12,23.08,0.69,30,4330
4620873.02,2021S05074620873.02,4620873.02,4486,19.8,15.6,5.86,1,22.32,1.84,80,4355
4620874,2021S05074620874.00,4620874,5233,15.9,14.2,5.34,1.34,19.96,1.4,75,5340
4620875,2021S05074620875.00,4620875,4916,19.3,16.1,4.63,1.32,20.83,1.65,80,4855
4620876.01,2021S05074620876.01,4620876.01,4162,22,10.9,13.78,2.76,22.16,0.95,40,4210
4620876.04,2021S05074620876.04,4620876.04,8283,3.6,13.1,2.11,0.79,5.79,0.72,60,8285
4620876.05,2021S05074620876.05,4620876.05,9332,6.4,24.4,2.94,0.54,15.63,0.66,60,9025
4620876.06,2021S05074620876.06,4620876.06,6064,15.8,14.3,3.96,1.49,14.63,1.16,70,6050
4620876.07,2021S05074620876.07,4620876.07,2536,10.5,33.9,3.02,0.67,22.64,0.93,20,2155
4620877.01,2021S05074620877.01,4620877.01,9316,5.2,33.1,1.34,0.61,17.58,0.93,80,8580
4620877.02,2021S05074620877.02,4620877.02,6294,12.8,25.4,5.02,1.53,17.4,0.68,40,5880
4620878,2021S05074620878.00,4620878,5457,18.4,16.9,5.16,0.64,21.98,2.06,110,5330
4620879.01,2021S05074620879.01,4620879.01,3471,19.8,16.4,5.2,1.15,22.47,0.84,30,3555
4620879.02,2021S05074620879.02,4620879.02,3838,11.9,19.1,2.85,0.39,18.49,2.04,75,3680
4620880,2021S05074620880.00,4620880,4166,14.7,17.9,5.87,0.48,19.82,1.64,70,4265
4620881.01,2021S05074620881.01,4620881.01,3576,15,15.8,2.52,0.84,17.58,2.95,105,3560
4620881.02,2021S05074620881.02,4620881.02,3801,17.2,13.6,6.22,1.06,20.05,2.25,85,3780
4620882,2021S05074620882.00,4620882,2870,18.1,15.3,5.9,0.88,18.71,1.25,35,2800
4620883,2021S05074620883.00,4620883,2702,14.1,18.1,5.16,1.17,22.39,1.19,30,2525
4620884.01,2021S05074620884.01,4620884.01,3593,19.6,19.5,14.05,2.92,30.99,0.55,20,3630
4620884.02,2021S05074620884.02,4620884.02,7584,18.1,28.1,2.89,0.8,20.39,1.01,75,7440
4620885,2021S05074620885.00,4620885,4052,14.1,30.4,4.64,0.66,20.94,0.95,35,3665
4620886.01,2021S05074620886.01,4620886.01,3027,8,19.5,0.84,0.83,12.71,1.18,35,2960
4620886.02,2021S05074620886.02,4620886.02,2995,5.4,16.5,1.53,0.5,9.88,1.7,50,2940
4620886.03,2021S05074620886.03,4620886.03,3349,15,24.2,4.31,0.78,14.07,1.69,55,3250
4620887.03,2021S05074620887.03,4620887.03,3648,2.6,21.1,1.25,0.27,5.26,0.42,15,3610
4620887.04,2021S05074620887.04,4620887.04,5120,5.8,23.1,1.74,0.39,13.58,0.87,45,5160
4620887.05,2021S05074620887.05,4620887.05,4640,3.4,23.3,1.92,0.43,8.38,1.18,55,4675
4620887.06,2021S05074620887.06,4620887.06,4384,2.4,15.8,1.96,0.34,6.85,0.69,30,4345
4620887.07,2021S05074620887.07,4620887.07,15,,,,,,,,
4620888.01,2021S05074620888.01,4620888.01,3090,3.5,15.9,0.67,0.32,11.9,0.67,20,2985
4620888.02,2021S05074620888.02,4620888.02,5443,2.2,24.7,1.78,0.55,7.32,0.37,20,5340
4620888.03,2021S05074620888.03,4620888.03,5245,4,40.5,1.57,0.21,14.25,0.31,15,4795
4620889.01,2021S05074620889.01,4620889.01,2562,13.8,34.2,0,0,18.97,1.24,30,2425
4620889.02,2021S05074620889.02,4620889.02,2944,5.1,23.3,2.05,0.34,14.87,0.85,25,2930
4620889.03,2021S05074620889.03,4620889.03,4652,4,24.5,0.65,0.32,7.3,1.19,55,4605
4620900,2021S05074620900.00,4620900,4741,7.2,26.7,0.21,0.21,13.86,0.96,45,4705
4620901.01,2021S05074620901.01,4620901.01,4843,9.9,23.1,0.2,0.31,17.42,0.81,40,4915
4620901.02,2021S05074620901.02,4620901.02,4270,5.9,20.6,0.61,0.12,7.76,1.34,55,4095
4620901.03,2021S05074620901.03,4620901.03,10250,3.5,17.7,0.65,0.15,16.26,0.7,70,10030
4620902,2021S05074620902.00,4620902,5936,5.7,20.2,0.27,0.17,12.86,0.98,55,5590
4620903.01,2021S05074620903.01,4620903.01,6826,5.3,21.9,0.3,0.22,13.15,0.81,55,6775
4620903.04,2021S05074620903.04,4620903.04,4142,4.3,22.4,0.37,0.12,7.41,1.47,60,4090
4620903.05,2021S05074620903.05,4620903.05,3753,3.3,16.5,1.33,0.13,7.9,0.8,30,3760
4620903.08,2021S05074620903.08,4620903.08,2596,3.8,14.6,0,0.19,7.88,2.0,50,2505
4620903.09,2021S05074620903.09,4620903.09,6496,6.5,10.2,1.16,0.23,13.59,1.0,65,6490
4620903.1,2021S05074620903.10,4620903.1,6826,6.6,9.7,1.46,0.22,13.55,1.68,115,6830
4620903.11,2021S05074620903.11,4620903.11,3800,2,7,0.68,0.13,5.56,1.36,50,3690
4620903.12,2021S05074620903.12,4620903.12,6232,2.9,13.2,0.63,0.16,14.23,1.18,75,6340
4620903.13,2021S05074620903.13,4620903.13,2952,4,21,0,0.17,16.88,2.37,70,2950
4620903.14,2021S05074620903.14,4620903.14,2696,4,33.2,0,0,9.41,2.29,50,2180
4620904.02,2021S05074620904.02,4620904.02,5306,7.7,22.4,1.02,0,13.29,0.81,40,4920
4620904.03,2021S05074620904.03,4620904.03,4598,3.5,10.5,0.53,0.11,7.32,1.39,65,4690
4620904.04,2021S05074620904.04,4620904.04,3541,3.8,17.9,0,0,6.72,0.72,25,3450
4620904.05,2021S05074620904.05,4620904.05,3553,5.5,21.8,0.43,0.28,8.68,1.44,50,3465
4620904.06,2021S05074620904.06,4620904.06,4200,1.7,9.4,0,0,5.79,1.64,70,4275
4620926.01,2021S05074620926.01,4620926.01,5742,9.3,24.6,0.55,0.18,17.23,1.57,85,5415
4620926.02,2021S05074620926.02,4620926.02,4544,6.6,19.6,0.22,0.11,10.51,1.87,85,4535
4620929.01,2021S05074620929.01,4620929.01,3850,4,19.7,1.57,0.13,9.21,1.44,55,3830
4620929.02,2021S05074620929.02,4620929.02,4629,5.2,12.3,0.86,0,11.71,0.54,25,4650
4620930.02,2021S05074620930.02,4620930.02,9267,5.7,22.3,0.5,0.17,12.06,0.95,85,8970
4620930.03,2021S05074620930.03,4620930.03,2577,3.4,22.7,0.58,0,9.84,0.0,0,2570
4620930.04,2021S05074620930.04,4620930.04,7015,6.6,24.7,0.3,0.21,9.66,1.55,105,6770
4621000,2021S05074621000.00,4621000,5575,11.8,14.3,0,0.09,14.66,3.64,200,5490
4621001,2021S05074621001.00,4621001,3308,9.1,14.7,0.3,0,12.25,2.42,80,3300
4621002,2021S05074621002.00,4621002,5759,7,20.4,0.35,0,9.07,0.78,45,5770
4621003,2021S05074621003.00,4621003,7473,6.4,19.1,0.49,0.21,8.97,1.6,115,7200
4621004,2021S05074621004.00,4621004,5643,6.9,14.3,0.18,0.09,10.19,2.32,130,5615
4621005,2021S05074621005.00,4621005,9618,6.8,18,0.26,0.26,15.06,2.04,195,9580
4621006.01,2021S05074621006.01,4621006.01,7524,13.1,18.5,0.2,0.34,15.37,2.58,190,7370
4621006.02,2021S05074621006.02,4621006.02,7154,10,10.3,0.28,0.21,14.02,2.34,165,7065
4621006.03,2021S05074621006.03,4621006.03,9352,7.6,7.7,0.64,0.11,13.07,1.86,175,9430
4621009,2021S05074621009.00,4621009,5453,10.8,16.9,0,0.37,12.18,2.13,115,5395
4622001,2021S05074622001.00,4622001,8546,5.7,17,1.01,0.12,9.62,1.37,115,8380
4622002,2021S05074622002.00,4622002,397,5,20,0,0,0,0.0,0,450
4622003,2021S05074622003.00,4622003,0,,,,,,,,
4622004,2021S05074622004.00,4622004,3062,17.8,20.8,1.12,0,17,0.96,30,3125
4622005,2021S05074622005.00,4622005,3752,14.8,18.2,0.56,0.27,15.98,1.53,55,3600
4622006,2021S05074622006.00,4622006,5,,,,,,,,
4622007,2021S05074622007.00,4622007,1502,27.6,27.2,1.17,0.36,20.25,1.17,15,1285
4622008,2021S05074622008.00,4622008,2545,21.7,14.1,0.79,0.2,23.57,1.78,45,2530
4622009,2021S05074622009.00,4622009,5466,8.9,16.6,0.56,0.09,13.11,1.94,105,5400
4622010,2021S05074622010.00,4622010,5,,,,,,,,
4622011,2021S05074622011.00,4622011,2482,24.1,34.1,0,0,27.5,1.97,40,2035
4622012,2021S05074622012.00,4622012,1607,21.3,40.7,1.27,0.31,20.32,2.22,35,1580
4622013,2021S05074622013.00,4622013,3972,6.7,23.6,1.26,0.13,9.59,0.63,25,3965
4622014,2021S05074622014.00,4622014,3898,14.2,46.7,1.41,0.27,29.49,1.27,45,3545
4622015,2021S05074622015.00,4622015,4825,28.2,38.9,2.87,0.52,33.12,1.59,75,4710
4622100,2021S05074622100.00,4622100,1960,4.4,15.8,0,0,8.84,1.41,30,2125
4622101,2021S05074622101.00,4622101,1021,4.8,16.2,0,0,11.69,3.78,35,925
4622102,2021S05074622102.00,4622102,1041,5,18.8,0,0,12.5,1.92,20,1040
4622103,2021S05074622103.00,4622103,1663,8.2,19.5,0,0.3,6.12,2.52,40,1590
4622200,2021S05074622200.00,4622200,5633,3.2,14.8,0.8,0.18,8.01,1.42,80,5615
4622201,2021S05074622201.00,4622201,4350,3.9,16.6,0,0.11,6.67,2.65,115,4345
4622202,2021S05074622202.00,4622202,7801,4.5,19.9,1.28,0.13,15.32,1.28,100,7825
4622203,2021S05074622203.00,4622203,3907,3.5,15.2,0.39,0.13,10.62,0.65,25,3870
4622204,2021S05074622204.00,4622204,955,3.6,16.1,0,0.52,8.33,0.95,10,1050
4622205,2021S05074622205.00,4622205,4166,7,19.2,0.75,0.36,11.24,1.5,60,4000
4622206,2021S05074622206.00,4622206,1905,2.6,12.6,1.06,0.26,6.87,2.13,40,1875
4622207,2021S05074622207.00,4622207,911,2.8,19.1,0,1.1,5.88,0.0,0,890
4622300,2021S05074622300.00,4622300,2908,10.6,25.4,0,0.17,13.79,1.21,35,2895
4622301,2021S05074622301.00,4622301,3310,19.1,30.1,0.51,0.16,20.79,2.22,65,2930
4622302,2021S05074622302.00,4622302,2544,9.9,26,0.4,0,14.23,1.41,35,2490
4622303,2021S05074622303.00,4622303,10,,,,,,,,
4622304,2021S05074622304.00,4622304,1068,4.8,25.4,0,0,10.11,0.0,0,1000
4622400,2021S05074622400.00,4622400,2778,8.5,21.2,0,0,8.04,1.28,35,2730
4622401,2021S05074622401.00,4622401,4091,5.2,13.8,1.33,0.37,9.65,1.57,65,4140
4622402,2021S05074622402.00,4622402,3787,3.9,11.6,0,0.13,9.58,1.08,40,3720
