name,address,phone,email,website,lat,lon,service_category,source
Centre d’aide aux victimes d’actes criminels (CAVAC),Adresse confidentielle,514 277-9860,reception@cavacmontreal.qc.ca,https://cavac.qc.ca/,,,community_service_211,reseaumtlnetwork_index
Commission de développement économique des Premières Nations du Québec et du Labrador,"265 Place Chef Michel Laveau suite 200, Québec, QC G0A 4V0, Canada",418 843-1488,info@cdepnql.org,https://cdepnql.org/,,,community_service_211,reseaumtlnetwork_index
Musique Nomade,"1208 Rue Beaubien E #104, Montréal, QC H2S 1T7, Canada",514 400-0452,info@musiquenomade.com,https://www.musiquenomade.com,,,community_service_211,reseaumtlnetwork_index
First Nations Regional Adult Education Centre,"1679 Rue Mohawk, Kahnawake, QC J0L 1B0, Canada",450 635-6352,reception@fnraec.com,https://www.fnraec.org/,45.410093,-73.6895193,community_service_211,reseaumtlnetwork_index
Centre universitaire de santé McGill,"1650 Avenue Cedar, Montréal, QC, Canada",514 934-1934,communications@muhc.mcgill.ca,https://cusm.ca/,45.4974608,-73.5883379,community_service_211,reseaumtlnetwork_index
Collège Dawson,"3040 Sherbrooke St W, Montréal, Québec H3Z 1A4, Canada",514-931-8731,admissions@dawsoncollege.qc.ca,https://fr.dawsoncollege.qc.ca/,45.4896116,-73.5875821,community_service_211,reseaumtlnetwork_index
Saralikitaaq – Centre communautaire de pédiatrie sociale,"757 Rue des Seigneurs, Montréal, QC H3J 1Y2, Canada",438 380 6476,info@saralikitaaq.com,https://fr.miyoskamin.com/saralikitaaq-clinic,45.4901907,-73.573161,community_service_211,reseaumtlnetwork_index
Université Concordia,"1400 de Maisonneuve West, Maisonneuve Boulevard West, Montréal, QC, Canada",514 848-2424,study@concordia.ca,https://www.concordia.ca/fr.html,,,community_service_211,reseaumtlnetwork_index
Saturviit Association des Femmes Inuit du Nunavik,"620 Chemin du Bord-du-Lac-Lakeshore suite 304, Dorval, QC H9S 2B6, Canada",1 866 944-5003,centre@saturviit.ca,https://saturviit.ca/,,,community_service_211,reseaumtlnetwork_index
Centre de justice des premiers peuples de Tiohtià:ke / Montréal,"3500 Av. Laval, Montréal, QC, Canada",514 840-9485,info@justicemontreal.ca,https://cjppm.org/,45.5158766,-73.5703981,community_service_211,reseaumtlnetwork_index
Femmes Autochtones du Québec,"Kahnawake Business Complex, River Road, Kahnawake, QC J0L 1B0, Canada",450 632-0088,info@faq-qnw.org,https://faq-qnw.org,,,community_service_211,reseaumtlnetwork_index
Cercle des Premières Nations de l’UQAM,"315 Rue Sainte-Catherine Est, Montréal, Québec, Canada",514 987-3000 poste 6793,cpn@uqam.ca,https://cpn.uqam.ca/,45.5133555,-73.5611516,community_service_211,reseaumtlnetwork_index
Miyoskamin,"757 Rue des Seigneurs, Montréal, QC, Canada",438 883-6728,info@miyoskamin.com,https://www.miyoskamin.com/,45.4901907,-73.573161,community_service_211,reseaumtlnetwork_index
La Porte Ouverte Montréal,"3535 Avenue du Parc, Montréal, QC, Canada",514 939-1970,info@opendoortoday.org,https://www.opendoortoday.org/,45.5099852,-73.5741779,community_service_211,reseaumtlnetwork_index
Université McGill,"845 Sherbrooke Street West, Montréal, QC, Canada",514 398-7878,info.conted@mcgill.ca,https://www.mcgill.ca/fr,45.4940668,-73.5839432,community_service_211,reseaumtlnetwork_index
Makivvik,"1111 Bd Dr.-Frederik-Philips, Saint-Laurent, QC, Canada",514 745-8880,reception@makivvik.ca,https://www.makivvik.ca/fr/,45.496184,-73.7018326,community_service_211,reseaumtlnetwork_index
Cégep John Abbott,"21275 Lakeshore Road, Sainte-Anne-de-Bellevue, QC, Canada",514 457-6610 ext. 5098,admissions@johnabbott.qc.ca,https://johnabbott.qc.ca/fr/,,,community_service_211,reseaumtlnetwork_index
Association Tasiutigiit,Adresse confidentielle,438 799-5544,tasiutigiit@gmail.com,https://tasiutigiit.org/?lang=fr,,,community_service_211,reseaumtlnetwork_index
Foyer pour Femmes autochtones de Montréal,Adresse confidentielle,514 933-4688,contactus@nwsm.info,https://www.nwsm.info/,,,community_service_211,reseaumtlnetwork_index
Cégep Vanier,"821 Avenue Sainte-Croix, Saint-Laurent, QC, Canada",514 744-7500,info@vaniercollege.qc.ca,https://www.vaniercollege.qc.ca/fr/programmes,45.5146496,-73.674643,community_service_211,reseaumtlnetwork_index
Qavvivik – Centre de santé familiale et communautaire inuit,"4468 Rue Wellington 203 204, Verdun, QC, Canada",438 380-4670,infoqavvivik@gmail.com,https://www.qavvivik.ca/fr,45.4594484,-73.5671707,community_service_211,reseaumtlnetwork_index
Inuit Siqinirmiut Quebecmi Ilaujut / Association des Inuit du Sud du Québec (AISQ),"1315 Rue Charlevoix, Montréal, QC, Canada",514 932-5267,sqiafrontdesk@gmail.com,https://www.facebook.com/SQIA2017,45.4794058,-73.57076,community_service_211,reseaumtlnetwork_index
Centre d’amitié autochtone de Montréal,"2001 Saint Laurent Boulevard, Montréal, QC, Canada",514 499-1854 poste 2221,info@nfcm.org,https://www.nfcm.org/fr/,45.5115213,-73.5668786,community_service_211,reseaumtlnetwork_index
Projet de travail de soutien autochtone (PTSA),Adresse confidentielle,n/a,,https://sites.google.com/iswp.info/home/ptsa?authuser=0,,,community_service_211,reseaumtlnetwork_index
Résilience Montréal,"4000 Saint-Catherine Street West, Westmount, QC, Canada",438 828-8995,resilience.montreal@gmail.com,https://www.resiliencemontreal.com/fr/accueil,45.4889389,-73.5845096,community_service_211,reseaumtlnetwork_index
Centre de santé autochtone de Tiohtià:ke,"2100 Avenue de Marlowe suite 236, Montréal, QC, Canada",514 482-8557,info@ihct.ca,https://www.ihct.ca/fr/,,,community_service_211,reseaumtlnetwork_index
Chez Doris,"1430 Rue Chomedey, Montréal, QC, Canada",514 937-2341,info@chezdoris.org,https://www.chezdoris.org/,45.4911722,-73.5833863,community_service_211,reseaumtlnetwork_index
Administration régionale Kativik,"Kuujjuaq, QC J0M 1C0, Canada",1 877 964-2961,info@krg.ca,https://www.krg.ca/fr-CA/,,,community_service_211,reseaumtlnetwork_index
Université de Montréal,"Université de Montréal – Pavillon 3200, rue Jean-Brillant, Rue Jean-Brillant, Montreal, Québec H3T 1N8, Canada",514 343-6111,futursetudiants@umontreal.ca,https://www.umontreal.ca,,,community_service_211,reseaumtlnetwork_index
Les Services Parajudiciaires Autochtones du Québec,"190 Rue Chef Max Gros-Louis, Québec, QC G0A 4V0, Canada",1 833 753-2095,info@spaq.qc.ca,https://www.spaq.qc.ca,,,community_service_211,reseaumtlnetwork_index
Projets Autochtones du Québec (PAQ),"338 Rue Saint-Antoine Est suite 402, Montréal, QC H2Y 1A3, Canada",514 879-3310,info@paqc.org,https://www.paqc.org/fr/accueil/,,,community_service_211,reseaumtlnetwork_index
Refuge Mitshuap Montréal,"2154 Sainte-Catherine Ouest, Montréal, QC, Canada",438 466-2325,mitshuapmontreal@gmail.com,https://www.facebook.com/profile.php?id=61553704607182,45.4906139,-73.5825467,community_service_211,reseaumtlnetwork_index
Montréal Autochtone,"3183 Rue Saint-Jacques, Montréal, QC, Canada",514 331-6587,info@nativemontreal.com,https://nativemontreal.com/fr/acceuil/,45.4834824,-73.5806155,community_service_211,reseaumtlnetwork_index
Université du Québec à Montréal (UQAM),"320 Rue Sainte-Catherine Est, Montréal, Québec H2X 1L7, Canada",514 987-3132,admission@uqam.ca,https://www.uqam.ca,45.5128735,-73.5610701,community_service_211,reseaumtlnetwork_index
Collège Ahuntsic,"9155 Rue Saint-Hubert, Montréal, QC H2M 1Y6, Canada",514 389-5921,information@collegeahuntsic.qc.ca,https://www.collegeahuntsic.qc.ca/,45.5515414,-73.642438,community_service_211,reseaumtlnetwork_index
Commission du Développement des Ressources Humaines des Premières Nations du Québec  (CDRHPNQ),Adresse confidentielle,450 638-4171,info@cdrhpnq.qc.ca,https://cdrhpnq-fnhrdcq.ca/,,,community_service_211,reseaumtlnetwork_index
Médecins du Monde,"6235 Rue Saint-Hubert, Montréal, Québec H2S 2L9, Canada",514 281-8998,info@medecinsdumonde.ca,https://medecinsdumonde.ca/,45.5350723,-73.6004143,community_service_211,reseaumtlnetwork_index
Regroupement Mamit Innuat,"1410 Rue Stanley suite 414, Montréal, Québec H3A 1P8, Canada",514 844-7090,sapmtl@mamit-innuat.com,http://www.mamit-innuat.com,,,community_service_211,reseaumtlnetwork_index
Mikana,Adresse confidentielle,n/a,info@mikana.ca,https://www.mikana.ca/,,,community_service_211,reseaumtlnetwork_index
L’Itinéraire,"2103 Rue Sainte-Catherine E, Montréal, QC H2K 2H9, Canada",514 597-0238,courrier@itineraire.ca,https://www.itineraire.ca/,45.634438,-73.5058776,community_service_211,reseaumtlnetwork_index
Plein Milieu,"4677 Saint Denis St, Montréal, Québec H2J 2L5, Canada",514 524-3661,info@pleinmilieu.qc.ca,https://pleinmilieu.qc.ca/,45.5251042,-73.5849749,community_service_211,reseaumtlnetwork_index
Centre des Femmes de Montréal,"3585 Rue Saint-Urbain, Montréal, Québec H2X 2N6, Canada",514 842-6652,ligneinfospl@centredesfemmesdemtl.org,https://centredesfemmesdemtl.org/fr/,45.5127243,-73.5728373,community_service_211,reseaumtlnetwork_index
