name,address,postal_code,lat,lon,service_category,type
HÔPITAL DU SACRÉ-COEUR-DE-MONTRÉAL,"5400, boulevard Gouin Ouest",H4J1C5,45.53260040283203,-73.71399688720703,community_service_211,Hospital
HÔPITAL MAISONNEUVE-ROSEMONT,"5415, boulevard de l'Assomption",H1T2M4,45.57419967651367,-73.55850219726562,community_service_211,Hospital
INSTITUT UNIVERSITAIRE DE GÉRIATRIE DE MONTRÉAL,"4565, chemin Queen-Mary",H3W1W5,45.49100112915039,-73.6238021850586,community_service_211,Hospital
MAISON DE NAISSANCE DE CÔTE-DES-NEIGES,"6560, chemin de la Côte-des-Neiges",H3S2A7,45.50189971923828,-73.6353988647461,community_service_211,CLSC
CENTRE D'HÉBERGEMENT ET DE SERVICES AMBULATOIRES CHAMPLAIN,"1325, rue Crawford",H4H2N6,45.43880081176758,-73.58679962158203,community_service_211,Hospital
HÔPITAL DE VERDUN,"4000, boulevard LaSalle",H4G2A3,45.4640998840332,-73.56400299072266,community_service_211,Hospital
CLSC DE LA VISITATION ET GROUPE DE MÉDECINE DE FAMILLE UNIVERSITAIRE DES FAUBOURGS,"1705, rue de la Visitation",H2L3C3,45.52109909057617,-73.55889892578125,community_service_211,CLSC; Hospital
HÔTEL-DIEU DE MONTRÉAL,"3840, rue Saint-Urbain",H2W1T8,45.51390075683594,-73.5781021118164,community_service_211,Hospital
CENTRE DE RÉADAPTATION POUR LES JEUNES EN DIFFICULTÉ D'ADAPTATION DU MONT SAINT-ANTOINE,"8147, rue Sherbrooke Est",H1L1A7,45.5989990234375,-73.53569793701172,community_service_211,Youth rehab
FOYER DE GROUPE POUR LES JEUNES EN DIFFICULTÉ D'ADAPTATION DE LACHINE,"749, 25e Avenue",H8S3X7,45.44340133666992,-73.68679809570312,community_service_211,Youth rehab
FOYER DE GROUPE POUR LES JEUNES EN DIFFICULTÉ D'ADAPTATION GOUIN,"4350, boulevard Gouin Ouest",H4J1B6,45.537899017333984,-73.71070098876953,community_service_211,Youth rehab
FOYER DE GROUPE POUR LES JEUNES EN DIFFICULTÉ D'ADAPTATION GODBOUT,"9038, rue de Godbout",H8R2H6,45.41999816894531,-73.63310241699219,community_service_211,Youth rehab
CENTRE DE RÉADAPTATION POUR LES JEUNES EN DIFFICULTÉ D'ADAPTATION DOMINIQUE-SAVIO,"9335, rue Saint-Hubert",H2M1Y7,45.553199768066406,-73.64630126953125,community_service_211,Youth rehab
ATELIER DE TRAVAIL LABROSSE,"215, avenue Labrosse",H9R1A3,45.47380065917969,-73.8240966796875,community_service_211,Disability/Autism
CENTRE DE RÉADAPTATION EN DÉFICIENCE INTELLECTUELLE ET EN TROUBLES DU SPECTRE DE L'AUTISME MARIE-BOURASSA,"5695, avenue des Marronniers",H1T2W3,45.570098876953125,-73.5625991821289,community_service_211,Disability/Autism
CENTRE DE RÉADAPTATION EN DÉFICIENCE INTELLECTUELLE ET EN TROUBLES DU SPECTRE DE L'AUTISME DANDURAND,"2425, rue Dandurand",H2G2A1,45.54410171508789,-73.5813980102539,community_service_211,Disability/Autism
FOYER DE GROUPE DORNAL,"4912, avenue Dornal",H3W1W2,45.487098693847656,-73.627197265625,community_service_211,Youth rehab
CENTRE D'ACTIVITÉS DE JOUR OPTION,"219, avenue Labrosse",H9R1A3,45.46989822387695,-73.8041000366211,community_service_211,Disability/Autism
ATELIER DE TRAVAIL ET CENTRE D'ACTIVITÉS DE JOUR BENNY,"2221, avenue Benny",H4B2R5,45.46369934082031,-73.62349700927734,community_service_211,Disability/Autism
CENTRE D'HÉBERGEMENT J.-HENRI-CHARBONNEAU,"3095, rue Sherbrooke Est",H1W1B2,45.542701721191406,-73.55879974365234,community_service_211,Hospital
CENTRE DE RÉADAPTATION EN DÉPENDANCE ET DÉFICIENCE INTELLECTUELLE ET EN TROUBLES DU SPECTRE DE L'AUTISME LOUVAIN,"950, rue de Louvain Est",H2M2E8,45.55390167236328,-73.64839935302734,community_service_211,Addiction; Disability/Autism
CENTRE DE RÉADAPTATION EN DÉPENDANCE SAINT-URBAIN,"3530, rue Saint-Urbain",H2X2N7,45.51190185546875,-73.5728988647461,community_service_211,Addiction
CENTRE DE RÉADAPTATION EN DÉPENDANCE PRINCE-ARTHUR,"110, rue Prince-Arthur Ouest",H2X1S7,45.51240158081055,-73.57369995117188,community_service_211,Addiction
FOYER DE GROUPE POUR LES JEUNES EN DIFFICULTÉ D'ADAPTATION ESPLANADE,"204, boulevard Gouin Ouest",H3L1J6,45.477901458740234,-73.8678970336914,community_service_211,Youth rehab
PAVILLON RACHEL-TOURIGNY,"5305, boulevard de l'Assomption",H1T2M4,45.57400131225586,-73.55680084228516,community_service_211,Hospital
CHU SAINTE-JUSTINE,"3175, chemin de la Côte-Sainte-Catherine",H3T1C5,45.50320053100586,-73.6249008178711,community_service_211,Hospital
HÔPITAL NEUROLOGIQUE DE MONTRÉAL,"3801, rue University",H3A2B4,45.50899887084961,-73.5813980102539,community_service_211,Hospital
FOYER DE GROUPE COLTON,"4559, avenue d'Oxford",H4A2Y9,45.477298736572266,-73.62760162353516,community_service_211,Youth rehab
HÔPITAL DE LASALLE,"8585, terrasse Champlain",H8P1C1,45.420799255371094,-73.62339782714844,community_service_211,Hospital
CENTRE DE SERVICES AMBULATOIRES EN SANTÉ MENTALE SAINT-CHARLES,"2840, boulevard Saint-Charles",H9H3B6,45.446800231933594,-73.85379791259766,community_service_211,CLSC
CENTRE DE SERVICES EN DÉFICIENCE INTELLECTUELLE ET EN TROUBLES ENVAHISSANTS DU DÉVELOPPEMENT DE L'OUEST-DE-MONTRÉAL,"8000, rue Notre-Dame",H8R1H2,45.44889831542969,-73.6323013305664,community_service_211,Disability/Autism
CENTRE DE RÉADAPTATION EN DÉFICIENCE INTELLECTUELLE ET EN TROUBLES DU SPECTRE DE L'AUTISME PARC-DES-ROSERAIES,"7077, rue Beaubien Est, bureau 310",H1M2Y2,45.59360122680664,-73.55799865722656,community_service_211,Disability/Autism
CENTRE DE PROTECTION ET DE RÉADAPTATION POUR LES JEUNES EN DIFFICULTÉ D'ADAPTATION DÉCARIE,"4434, boulevard Décarie",H4A3P2,45.47999954223633,-73.62229919433594,community_service_211,Youth protection; Youth rehab
CENTRE DE PROTECTION DE L'ENFANCE ET DE LA JEUNESSE DE POINTE-AUX-TREMBLES,"13000, rue Sherbrooke Est",H1A3W2,45.65620040893555,-73.50900268554688,community_service_211,Youth protection
FOYER DE GROUPE POUR LES JEUNES EN DIFFICULTÉ D'ADAPTATION SAINT-VITAL,"10155, boulevard Saint-Vital",H1H4S7,45.5817985534668,-73.63710021972656,community_service_211,Youth rehab
CLSC DU LAC-SAINT-LOUIS,"180, avenue Cartier",H9S4S1,45.43899917602539,-73.82749938964844,community_service_211,CLSC
CLSC DE PIERREFONDS,"13800, boulevard Gouin Ouest",H8Z3H6,45.49720001220703,-73.84839630126953,community_service_211,CLSC
HÔPITAL GÉNÉRAL DU LAKESHORE,"160, avenue Stillview",H9R2Y2,45.44860076904297,-73.83370208740234,community_service_211,CLSC; Hospital
CLSC DE DORVAL-LACHINE,"3320, rue Notre-Dame",H8T1W8,45.43539810180664,-73.68150329589844,community_service_211,CLSC
HÔPITAL DE LACHINE,"650, 16e Avenue",H8S3N5,45.440799713134766,-73.677001953125,community_service_211,Hospital
CLSC DE SAINT-HENRI,"3833, rue Notre-Dame Ouest",H4C1P8,45.47880172729492,-73.58370208740234,community_service_211,CLSC
CLSC ET CENTRE DE SERVICES AMBULATOIRES DE VERDUN,"400, rue de l'Église",H4G2M4,45.46260070800781,-73.56939697265625,community_service_211,CLSC; Hospital
CENTRE MULTISERVICES DE SANTÉ ET DE SERVICES SOCIAUX DE SAINT-HENRI,"5205, rue Notre-Dame Ouest",H4C3L2,45.46969985961914,-73.59400177001953,community_service_211,Hospital; Addiction
CLSC RENÉ-CASSIN,"5800, boulevard Cavendish",H4W2T5,45.475799560546875,-73.66549682617188,community_service_211,CLSC
HÔPITAL RICHARDSON,"5425, avenue Bessborough",H4V2S7,45.47200012207031,-73.6458969116211,community_service_211,Hospital
CLSC ET GROUPE DE MÉDECINE DE FAMILLE UNIVERSITAIRE CÔTE-DES-NEIGES,"5700, chemin de la Côte-des-Neiges",H3T2A8,45.498199462890625,-73.6272964477539,community_service_211,CLSC; Hospital
CLSC ET GROUPE DE MÉDECINE DE FAMILLE UNIVERSITAIRE MÉTRO,"1801, boulevard de Maisonneuve Ouest",H3H1J9,45.494598388671875,-73.58100128173828,community_service_211,CLSC; Hospital
CENTRE D'HÉBERGEMENT NOTRE-DAME-DE-LA-MERCI,"555, boulevard Gouin Ouest",H3L1K5,45.54759979248047,-73.68769836425781,community_service_211,Hospital
CLSC DE MONTRÉAL-NORD,"11441, boulevard Lacordaire",H1G4J9,45.6072998046875,-73.62000274658203,community_service_211,CLSC
CLSC D'AHUNTSIC,"1165, boulevard Henri-Bourassa Est",H2C3K2,45.5614013671875,-73.66590118408203,community_service_211,CLSC
HÔPITAL FLEURY,"2180, rue Fleury Est",H2B1K3,45.571800231933594,-73.65039825439453,community_service_211,Hospital
HÔPITAL JEAN-TALON,"1385, rue Jean-Talon Est",H2E1S6,45.5458984375,-73.6094970703125,community_service_211,Hospital
CLSC DE VILLERAY,"1425, rue Jarry Est",H2E1A7,45.551300048828125,-73.62110137939453,community_service_211,CLSC
CLSC DE LA PETITE-PATRIE,"6520, rue de Saint-Vallier",H2S2P7,45.5348014831543,-73.6052017211914,community_service_211,CLSC
CHSLD DE SAINT-MICHEL,"3130, rue Jarry Est",H1Z4N8,45.5620002746582,-73.61029815673828,community_service_211,Hospital
CLSC DE SAINT-LÉONARD,"5540, rue Jarry Est",H1P1T9,45.58530044555664,-73.58989715576172,community_service_211,CLSC; Hospital
CLSC ET GROUPE DE MÉDECINE DE FAMILLE UNIVERSITAIRE DE HOCHELAGA-MAISONNEUVE,"4201, rue Ontario Est",H1V1K2,45.551300048828125,-73.54090118408203,community_service_211,CLSC; Hospital
CLSC OLIVIER-GUIMOND,"5810, rue Sherbrooke Est",H1N1B2,45.57500076293945,-73.54750061035156,community_service_211,CLSC; Hospital
CLSC DE RIVIÈRE-DES-PRAIRIES,"8655, boulevard Perras",H1E4M7,45.644798278808594,-73.58599853515625,community_service_211,CLSC; Hospital
CLSC DE L'EST-DE-MONTRÉAL,"13926, rue Notre-Dame Est",H1A1T5,45.66640090942383,-73.49359893798828,community_service_211,CLSC; Hospital
CENTRE DE SERVICES AMBULATOIRES EN SANTÉ MENTALE PAPINEAU,"10345, avenue Papineau, 3e étage",H2B2A3,45.56850051879883,-73.65360260009766,community_service_211,Hospital; Psychiatric
CLSC DE MERCIER-EST,"9503, rue Sherbrooke Est",H1L6P2,45.611698150634766,-73.52660369873047,community_service_211,CLSC; Hospital
CLSC DU PLATEAU-MONT-ROYAL,"4625, avenue de Lorimier",H2H2B4,45.53620147705078,-73.5739974975586,community_service_211,CLSC
CLSC SAINT-URBAIN,"55, avenue du Mont-Royal Ouest",H2T2S5,45.519500732421875,-73.5873031616211,community_service_211,CLSC
FOYER DE GROUPE POUR LES JEUNES EN DIFFICULTÉ D'ADAPTATION HARMONY,"7495, rue Chabot",H2E2L2,45.55139923095703,-73.61070251464844,community_service_211,Youth rehab
CENTRE D'ACCUEIL LE PROGRAMME DE PORTAGE,"2455, avenue Lionel-Groulx",H3J1J6,45.48469924926758,-73.57669830322266,community_service_211,Addiction
CENTRE MULTISERVICES DE SANTÉ ET DE SERVICES SOCIAUX DE PARC-EXTENSION,"7085, rue Hutchison",H3N1Y9,45.529598236083984,-73.62100219726562,community_service_211,CLSC; Hospital
CENTRE MULTISERVICES DE SANTÉ ET DE SERVICES SOCIAUX DE SAINT-LOUIS-DU-PARC,"15, avenue du Mont-Royal Ouest",H2T2R9,45.52000045776367,-73.58689880371094,community_service_211,CLSC; Hospital; Disability/Autism
PROGRAMME DE RECHERCHE CLINIQUE CHUM-IRCM,120 avenue des Pins Ouest,H2W2T2,45.51340103149414,-73.57620239257812,community_service_211,Hospital
HÔPITAL ET CENTRE DE RÉADAPTATION EN DÉFICIENCE PHYSIQUE IRGLM-CHARLES W. LINDSAY,"6363, chemin Hudson",H3S1M9,45.50709915161133,-73.62950134277344,community_service_211,Hospital
HÔPITAL ET CENTRE DE RÉADAPTATION EN DÉFICIENCE PHYSIQUE IRGLM-GUSTAVE-GINGRAS,"6300, avenue Darlington",H3S2J4,45.50809860229492,-73.62879943847656,community_service_211,Hospital
CLSC DE SAINT-MICHEL,"3355, rue Jarry Est",H1Z2E5,45.56560134887695,-73.6082992553711,community_service_211,CLSC; Hospital
CENTRE DE PROTECTION ET DE RÉADAPTATION POUR LES JEUNES EN DIFFICULTÉ D'ADAPTATION DU CENTRE-DE-MONTRÉAL,"5800, rue Saint-Denis",H2S3L5,45.53020095825195,-73.59819793701172,community_service_211,Youth protection; Youth rehab
CENTRE DE JOUR POUR LES JEUNES EN DIFFICULTÉ D'ADAPTATION FULLUM,"2025, rue Fullum",H2K3N5,45.53089904785156,-73.55549621582031,community_service_211,Youth rehab
CENTRE DE JOUR POUR LES JEUNES EN DIFFICULTÉ D'ADAPTATION LAJEUNESSE,"10794, rue Lajeunesse",H3L2E8,45.55540084838867,-73.67009735107422,community_service_211,Youth rehab
CENTRE DE PROTECTION DE L'ENFANCE ET DE LA JEUNESSE SAINT-LAURENT,"750, boulevard Marcel-Laurin",H4M2M4,45.506500244140625,-73.68299865722656,community_service_211,Youth protection
FOYER DE GROUPE ROXBORO,"105, 4e Avenue Sud",H8Y2L6,45.50709915161133,-73.79769897460938,community_service_211,Youth rehab
CLSC DE ROSEMONT,"2909, rue Rachel Est",H1W0A9,45.54249954223633,-73.56210327148438,community_service_211,CLSC; Hospital
HÔPITAL GÉNÉRAL JUIF,"4335, chemin de la Côte-Sainte-Catherine",H3T1E4,45.49580001831055,-73.63059997558594,community_service_211,Hospital
CENTRE HOSPITALIER UNIVERSITAIRE SAINTE-JUSTINE,"5757, avenue Decelles",H3S2C3,45.5010986328125,-73.6260986328125,community_service_211,Hospital
CENTRE DE RÉADAPTATION EN DÉFICIENCE INTELLECTUELLE ET EN TROUBLES DU SPECTRE DE L'AUTISME SAINT-PATRICK,"2475, rue Saint-Patrick",H3K1B3,45.48149871826172,-73.56999969482422,community_service_211,Disability/Autism
CENTRE D'ACTIVITÉS DE JOUR EN DÉFICIENCE INTELLECTUELLE ET EN TROUBLES DU SPECTRE DE L'AUTISME JEANNE-D'ARC,"2103, avenue Jeanne-d'Arc",H1W3V6,45.55039978027344,-73.5438003540039,community_service_211,Disability/Autism
CENTRE DE RÉADAPTATION EN DÉFICIENCE INTELLECTUELLE ET EN TROUBLES DU SPECTRE DE L'AUTISME BEAUBIEN,"7067, rue Beaubien Est, 1er étage",H1M2Y2,45.59360122680664,-73.55799865722656,community_service_211,Disability/Autism
CENTRE D'ACTIVITÉS DE JOUR EN DÉFICIENCE INTELLECTUELLE ET EN TROUBLES DU SPECTRE DE L'AUTISME HOCHELAGA-MAISONNEUVE,"2101, avenue Jeanne-d'Arc",H1W3V6,45.55039978027344,-73.5438003540039,community_service_211,Disability/Autism
FOYER DE GROUPE POUR LES JEUNES EN DIFFICULTÉ D'ADAPTATION DÉSY,"6014, rue Charny",H1G2K6,45.610198974609375,-73.61930084228516,community_service_211,Youth rehab
FOYER DE GROUPE POUR LES JEUNES EN DIFFICULTÉ D'ADAPTATION MONTPETIT,"11042, avenue Wilfrid-Saint-Louis",H1H5K7,45.58340072631836,-73.6532974243164,community_service_211,Youth rehab
HÔPITAL CATHERINE-BOOTH,"4375, avenue Montclair",H4B2J5,45.46390151977539,-73.6355972290039,community_service_211,Hospital
CENTRE DE RÉADAPTATION EN DÉPENDANCE DU NOUVEAU DÉPART,"1110, avenue Beaumont",H3P3E5,45.52230072021485,-73.62239837646484,community_service_211,Addiction
CENTRE D'ACTIVITÉS DE JOUR ALTERNATIVE,"16661, boulevard Hymus",H9H4R9,45.45050048828125,-73.84369659423828,community_service_211,Disability/Autism
CENTRE D'ACTIVITÉS DE JOUR CARTIER,"147, avenue Cartier",H9S4R9,45.43769836425781,-73.82640075683594,community_service_211,Disability/Autism
CLSC DE BENNY FARM,"6484, avenue de Monkland",H4B1H3,45.46549987792969,-73.63140106201172,community_service_211,CLSC
CENTRE MULTISERVICES DE SANTÉ ET DE SERVICES SOCIAUX RIVIÈRE-DES-PRAIRIES,"7070, boulevard Perras",H1E1A4,45.62310028076172,-73.61139678955078,community_service_211,Hospital; Psychiatric
FOYER DE GROUPE POUR LES JEUNES EN DIFFICULTÉ D'ADAPTATION D'AHUNTSIC,"9999, avenue Larose",H2B2Y7,45.576698303222656,-73.64119720458984,community_service_211,Youth rehab
HÔPITAL DOUGLAS,"6875, boulevard Lasalle",H4H1R3,45.442100524902344,-73.58439636230469,community_service_211,Psychiatric
CENTRE DE SERVICES AMBULATOIRES DE SOINS PSYCHIATRIQUES CRAWFORD,"7105, boulevard Lasalle",H4H1R2,45.43939971923828,-73.5813980102539,community_service_211,Psychiatric
CENTRE DE SERVICES AMBULATOIRES DE SOINS PSYCHIATRIQUES WELLINGTON,"4932, rue Wellington",H4G1X6,45.456298828125,-73.56729888916016,community_service_211,Psychiatric
PAVILLON FERNAND-SÉGUIN,"7331, rue Hochelaga",H1N3V2,45.58620071411133,-73.52729797363281,community_service_211,Psychiatric
INSTITUT UNIVERSITAIRE EN SANTÉ MENTALE DE MONTRÉAL,"7401, rue Hochelaga",H1N3M5,45.588600158691406,-73.52899932861328,community_service_211,Psychiatric
HÔPITAL GLEN,"1001, boulevard Décarie",H4A3J1,45.4734001159668,-73.60089874267578,community_service_211,Hospital
CENTRE D'ACCEUIL LE PROGRAMME DE PORTAGE,"7, avenue Frontenac",H9R4Z7,45.46900177001953,-73.82839965820312,community_service_211,Addiction
CENTRE DE SERVICES AMBULATOIRES DE MAISONNEUVE,"5252, boulevard de Maisonneuve",H4A3S9,45.4734001159668,-73.60459899902344,community_service_211,Hospital
CENTRE DE SERVICES AMBULATOIRES DE DIALYSE DE LA RUE DE GASPÉ,"5455, avenue de Gaspé",H2T3B3,45.52750015258789,-73.59639739990234,community_service_211,Hospital
HÔPITAL SHRINERS POUR ENFANTS (QUÉBEC),"1003, boulevard Décarie",H4A0A9,45.4718017578125,-73.60199737548828,community_service_211,Hospital
FOYER DE GROUPE POUR LES JEUNES EN DIFFICULTÉ D'ADAPTATION CHAMBORD,"2574, boulevard Pie-IX",H1V2E7,45.55270004272461,-73.54959869384766,community_service_211,Youth rehab
GROUPE DE MÉDECINE DE FAMILLE UNIVERSITAIRE NOTRE-DAME,"2120, rue Sherbrooke Est, 6e étage",H2K1C3,45.53099822998047,-73.5625991821289,community_service_211,Hospital
HÔPITAL SANTA CABRINI,"5655, rue Saint-Zotique Est",H1T1P7,45.580101013183594,-73.57170104980469,community_service_211,Hospital
MAISON DE NAISSANCE JEANNE-MANCE,"1822-1828, rue Ontario Est",H2K1T7,45.526100158691406,-73.55870056152344,community_service_211,CLSC
CENTRE DE SERVICES AMBULATOIRES BOIS-DE-BOULOGNE,"1575, boulevard Henri-Bourassa Ouest",H3M3A9,45.537601470947266,-73.67970275878906,community_service_211,Hospital; Psychiatric
CENTRE DE SERVICES AMBULATOIRES EN GÉRONTOPSYCHIATRIE GRENET,"12085, rue Grenet",H4J2J4,45.52989959716797,-73.71379852294922,community_service_211,Psychiatric
CENTRE D'ACTIVITÉS DE JOUR EN DÉFICIENCE INTELLECTUELLE ET EN TROUBLES DU SPECTRE DE L'AUTISME 17E AVENUE,"7701, 17e Avenue",H2A2S4,45.566200256347656,-73.60150146484375,community_service_211,Disability/Autism
GROUPE DE MÉDECINE DE FAMILLE UNIVERSITAIRE SACRÉ-CŒUR,"1575, boulevard Henri-Bourassa Ouest, 2e",H3M3A9,45.537601470947266,-73.67970275878906,community_service_211,Hospital
CLSC SAINTE-CATHERINE ET GROUPE DE MÉDECINE DE FAMILLE UNIVERSITAIRE DES FAUBOURGS,"66, rue Sainte-Catherine Est",H2X1K6,45.510501861572266,-73.56269836425781,community_service_211,CLSC; Hospital
GROUPE DE MÉDECINE DE FAMILLE UNIVERSITAIRE DE VERDUN,"3950, boulevard LaSalle",H4G2A2,45.4640998840332,-73.56400299072266,community_service_211,Hospital
GROUPE DE MÉDECINE DE FAMILLE UNIVERSITAIRE ET CENTRE DE SERVICES AMBULATOIRES DE ST. MARY,"3777, rue Jean-Brillant",H3T1M5,45.494998931884766,-73.6238021850586,community_service_211,Hospital
CENTRE HOSPITALIER DE L'UNIVERSITÉ DE MONTRÉAL,"1000, rue Saint-Denis",H2X0A9,45.51179885864258,-73.5562973022461,community_service_211,Hospital
HÔPITAL NOTRE-DAME,"1560, rue Sherbrooke Est",H2L4M1,45.52539825439453,-73.5635986328125,community_service_211,Hospital; Addiction
PAVILLON ÉDOUARD-ASSELIN,"264, boulevard René-Lévesque Est",H2X1P1,45.51110076904297,-73.55860137939453,community_service_211,Hospital
CENTRE DE RECHERCHE DU CENTRE HOSPITALIER DE L'UNIVERSITÉ DE MONTRÉAL,"900, rue Saint-Denis",H2X0A9,45.510799407958984,-73.55590057373047,community_service_211,Hospital
CENTRE DE RÉADAPTATION EN DÉFICIENCE INTELLECTUELLE ET EN TROUBLES DU SPECTRE DE L'AUTISME GARRY-TAYLOR,"231, avenue Elm",H9W2E2,45.43280029296875,-73.86039733886719,community_service_211,Disability/Autism
CLSC ÎLE-DES-SŒURS,"1, Place du Commerce",H3E1A1,45.46849822998047,-73.54570007324219,community_service_211,CLSC
AIRE OUVERTE SAURIOL,"2169, rue Sauriol E",H2B1G1,45.570899963378906,-73.64779663085938,community_service_211,CLSC
MAISON DE NAISSANCE ANNE-COURTEMANCHE,"4500, rue de Contrecoeur",H1K0L1,45.61180114746094,-73.527099609375,community_service_211,CLSC
ULLURIAQ-BOYS,"4434, boulevard Décarie",H4A3P2,45.47990036010742,-73.62220001220703,community_service_211,Youth rehab
ULLURIAQ-GIRLS,"825, avenue Dawson",H9S1X4,45.44169998168945,-73.7417984008789,community_service_211,Youth rehab
SERVICES EXTERNES POUR LES JEUNES EN DIFFICULTÉ D'ADAPTATION LA FONTAINE,"4467, rue de La Fontaine",H1V1P1,45.55350112915039,-73.53700256347656,community_service_211,Youth rehab
CENTRE DE RÉADAPTATION EN DÉFICIENCE INTELLECTUELLE ET EN TROUBLES DU SPECTRE DE L’AUTISME GOUIN,"5025, boulevard Gouin Est",H1G1A3,45.60900115966797,-73.63860321044922,community_service_211,Disability/Autism
CENTRE DE RÉADAPTATION EN DÉFICIENCE INTELLECTUELLE ET EN TROUBLES DU SPECTRE DE L’AUTISME HENRI-BOURASSA,"1600, boulevard Henri-Bourassa Ouest",H3M3E2,45.536399841308594,-73.67870330810547,community_service_211,Disability/Autism
CENTRE DE SERVICES AMBULATOIRES ALLAN MEMORIAL,"1025, avenue des Pins",H3A1A1,45.50590133666992,-73.58260345458984,community_service_211,Hospital
CENTRE DE SERVICES AMBULATOIRES GILMAN,"1040, avenue Atwater",H3Z1X3,45.487300872802734,-73.58260345458984,community_service_211,Hospital
ATELIER LE FIL D'ARIANE,"4837, rue Boyer, app. 100",H2J3E6,45.52949905395508,-73.58380126953125,community_service_211,Disability/Autism
HÔPITAL MARIE-CLARAC,"3530, boulevard Gouin Est",H1H1B7,45.59080123901367,-73.64969635009766,community_service_211,Hospital
CLINIQUE COMMUNAUTAIRE DE POINTE ST-CHARLES,"500, avenue Ash",H3K2R4,45.47840118408203,-73.55690002441406,community_service_211,CLSC
CENTRE MÉTROPOLITAIN DE CHIRURGIE PLASTIQUE,"999, rue de Salaberry",H3L1L2,45.545501708984375,-73.69290161132812,community_service_211,Hospital
HÔPITAL VILLA MEDICA,"225, rue Sherbrooke Est",H2X1C9,45.51499938964844,-73.5687026977539,community_service_211,Hospital
INSTITUT DE CARDIOLOGIE DE MONTRÉAL,"5000, rue Bélanger",H1T1C8,45.57379913330078,-73.57779693603516,community_service_211,Hospital
HÔPITAL GÉNÉRAL DE MONTRÉAL,"1650, avenue Cedar",H3G1A4,45.49700164794922,-73.58899688720703,community_service_211,Hospital
INSTITUT NATIONAL DE PSYCHIATRIE LÉGALE PHILIPPE-PINEL,"10905, boulevard Henri-Bourassa Est",H1C1H1,45.65599822998047,-73.53359985351562,community_service_211,Psychiatric
CENTRE HOSPITALIER DE ST. MARY,"3830, avenue Lacombe",H3T1M5,45.49489974975586,-73.62409973144531,community_service_211,Hospital
HÔPITAL GÉNÉRAL JUIF,"3755, chemin de la Côte-Sainte-Catherine",H3T1E2,45.497798919677734,-73.62879943847656,community_service_211,Hospital
CENTRE MIRIAM,"8160, chemin Royden",H4P2T2,45.49639892578125,-73.66190338134766,community_service_211,Disability/Autism
HÔPITAL MONT SINAÏ,"5690, boulevard Cavendish",H4W1S7,45.47380065917969,-73.65730285644531,community_service_211,Hospital
AIRE OUVERTE DE L'EST DE MONTRÉAL,"12125, rue Notre-Dame Est",H1B2Y9,45.64080047607422,-73.4905014038086,community_service_211,CLSC
AIRE OUVERTE MONTRÉAL-NORD,"12415, boulevard Lacordaire",H1G4L5,45.615699768066406,-73.62899780273438,community_service_211,CLSC
CLSC ET GROUPE DE MÉDECINE DE FAMILLE UNIVERSITAIRE MONTRÉAL-NORD-EST,"12345, boulevard Albert-Hudon",H1G3L1,45.62360000610352,-73.61599731445312,community_service_211,CLSC; Hospital
CENTRE DE SERVICES AMBULATOIRES DE MAISONNEUVE-EST,"1001, boulevard de Maisonneuve-Est",H2L4P9,45.51810073852539,-73.5593032836914,community_service_211,Hospital
AIRE OUVERTE DU MÉTRO-BERRI,"1015, rue Robin",H2L4M1,45.51890182495117,-73.56109619140625,community_service_211,CLSC
AIRE OUVERTE DE CÔTE-DES-NEIGES,"5245, chemin de la Côte-des-Neiges",H3T1Y1,45.49610137939453,-73.62100219726562,community_service_211,CLSC
CENTRE DE SERVICES AMBULATOIRES STILLVIEW,"175, avenue Stillview",H9R4S3,45.45069885253906,-73.8323974609375,community_service_211,Hospital
CENTRE DE RÉADAPTATION EN DÉPENDANCE HOCHELAGA,"7401, rue Hochelaga",H1N3M5,45.5885009765625,-73.53009796142578,community_service_211,Addiction
CENTRE DE RÉADAPTATION EN DÉPENDANCE MONKLAND,"6484, avenue de Monkland",H4B1H3,45.46549987792969,-73.63140106201172,community_service_211,Addiction
CENTRE DE RÉADAPTATION EN DÉPENDANCE NOTRE-DAME-EST,"13926, rue Notre-Dame-Est",H1A1T7,45.66659927368164,-73.49340057373047,community_service_211,Addiction
CENTRE DE RÉADAPTATION EN DÉPENDANCE LACHINE,"1900, rue Notre-Dame",H8S2G2,45.43539810180664,-73.68150329589844,community_service_211,Addiction
CENTRE DE RÉADAPTATION EN DÉPENDANCE GOUIN,"13800, boulevard Gouin Ouest",H8Z3H6,45.49720001220703,-73.84839630126953,community_service_211,Addiction
FOYER DE GROUPE POUR LES JEUNES EN DIFFICULTÉ D'ADAPTATION PELLETIER,"11016, avenue Pelletier",H1H3R8,45.59370040893555,-73.63520050048828,community_service_211,Youth rehab
FOYER DE GROUPE POUR LES JEUNES EN DIFFICULTÉ D'ADAPTATION CHARLEROI,"11020, avenue Pelletier",H1H3R8,45.59370040893555,-73.63520050048828,community_service_211,Youth rehab
CLINIQUE IPS+ SNOWDON,"5165, chemin Queen Mary",H3W1X7,45.485198974609375,-73.62850189208984,community_service_211,CLSC
GROUPE DE MÉDECINE DE FAMILLE UNIVERSITAIRE DE VERDUN-DE-L'ÉGLISE,"55, rue de l'Église",H4G3E7,45.46289825439453,-73.56449890136719,community_service_211,Hospital
CENTRE DE RÉADAPTATION EN DÉPENDANCE CAVENDISH /CAVENDISH ADDICTION READAPTATION CENTRE,"3285, boulevard Cavendish, bureau 100",H4B2L9,45.463401794433594,-73.6270980834961,community_service_211,Addiction
AIRE OUVERTE DE LASALLE,"7580, rue Centrale",H8P1K5,45.43299865722656,-73.5969009399414,community_service_211,CLSC
AIRE OUVERTE DU MÉTRO-LIONEL-GROULX,"3181, rue Saint-Jacques",H4C1G7,45.48350143432617,-73.58059692382812,community_service_211,CLSC
CENTRE DE PROTECTION DE L'ENFANCE ET DE LA JEUNESSE WEST ISLAND,1000 boulevard Saint-Jean,H9R5P1,45.46969985961914,-73.82720184326172,community_service_211,Youth protection
CENTRE DE PROTECTION DE L’ENFANCE ET DE LA JEUNESSE SAINTE-CATHERINE,"4515, rue Sainte-Catherine Ouest",H3Z1R9,45.48059844970703,-73.59439849853516,community_service_211,Youth protection
PAVILLON ROSEMONT,"5689, boulevard Rosemont",H1T2H1,45.57749938964844,-73.56210327148438,community_service_211,Hospital
CENTRE DE PROTECTION DE L'ENFANCE ET DE LA JEUNESSE HENRI-BOURASSA EST,"1161, boulevard Henri-Bourassa Est",H2C3K2,45.56100082397461,-73.66619873046875,community_service_211,Youth protection
CENTRE DE PROTECTION DE L'ENFANCE ET DE LA JEUNESSE DE L'ÉGLISE,"471, rue de l'Église",H4G2M6,45.46310043334961,-73.56990051269531,community_service_211,Youth protection
RÉSIDENCE DES FILLES ET/OU GARÇONS (HAVRE-JEUNESSE),"1019, avenue Moffat",H4H1Z1,45.45050048828125,-73.5781021118164,community_service_211,Youth rehab
RÉSIDENCE DES GARÇONS ET/OU FILLES (HAVRE-JEUNESSE),"4360, boulevard Lasalle",H4G2A8,45.460201263427734,-73.56269836425781,community_service_211,Youth rehab
HÔPITAL SAINTE-ANNE,"305, boulevard des Anciens-Combattants",H9X1Y9,45.41239929199219,-73.94869995117188,community_service_211,Hospital
CENTRE DE PROTECTION DE L'ENFANCE ET DE LA JEUNESSE SHERBROOKE EST,"8135, rue Sherbrooke Est",H1L1A6,45.5989990234375,-73.53569793701172,community_service_211,Youth protection
CENTRE DE PROTECTION DE L'ENFANCE ET DE LA JEUNESSE LA FONTAINE,"4477, rue La Fontaine",H1V1P4,45.55390167236328,-73.53690338134766,community_service_211,Youth protection
APPARTEMENT SUPERVISÉ POUR LES JEUNES EN DIFFICULTÉ D'ADAPTATION ASPIRE 2,"4840, boulevard Cavendish",H4V2R3,45.467899322509766,-73.63899993896484,community_service_211,Youth rehab
FOYER DE GROUPE MAISONNEUVE,"4331, boulevard de Maisonneuve Ouest",H3Z1L2,45.48460006713867,-73.59259796142578,community_service_211,Youth rehab
FOYER DE GROUPE COUVRETTE,"1782, rue Couvrette",H4L4T8,45.527801513671875,-73.68489837646484,community_service_211,Youth rehab
FOYER DE GROUPE RUDEL,"5475, chemin de la Côte-Saint-Antoine",H4A1R1,45.47439956665039,-73.61540222167969,community_service_211,Youth rehab
FOYER DE GROUPE SAINT-JAMES,"6151, rue Saint-Jacques",H4B1T7,45.46440124511719,-73.61620330810547,community_service_211,Youth rehab
FOYER DE GROUPE BOURBONNIÈRE,"7587, boulevard Lasalle",H8P1X9,45.43159866333008,-73.59089660644531,community_service_211,Youth rehab
CENTRE D'ACCUEIL LE PROGRAMME DE PORTAGE,"865, place Richmond",H3J1V8,45.491798400878906,-73.57250213623047,community_service_211,Addiction
CLINIQUE COMMUNAUTAIRE DE POINTE ST-CHARLES (POINT DE SERVICE),"1955, rue Centre",H3K1J1,45.482398986816406,-73.5634994506836,community_service_211,CLSC
SUCCURSALE TRIBUNAL DE LA JEUNESSE,"410, rue de Bellechasse, 3e ét.",H2S1X3,45.53260040283203,-73.60079956054688,community_service_211,Youth protection
FOYER DE GROUPE POUR LES JEUNES EN DIFFICULTÉ D'ADAPTATION LA FONTAINE,"4477, rue La Fontaine",H1V1P4,45.55179977416992,-73.53520202636719,community_service_211,Youth rehab
FOYER DE GROUPE POUR LES JEUNES EN DIFFICULTÉ D'ADAPTATION MEILLEUR,"10160, rue Meilleur",H3L3J8,45.54069900512695,-73.66780090332031,community_service_211,Youth rehab
CENTRE DE PROTECTION DE L’ENFANCE ET DE LA JEUNESSE TUPPER,"4039, rue Tupper",H3Z1T5,45.48780059814453,-73.58529663085938,community_service_211,Youth protection
HÔPITAL EN SANTÉ MENTALE ALBERT-PRÉVOST,"6555, boulevard Gouin Ouest",H4K1B3,45.52899932861328,-73.72899627685547,community_service_211,Hospital
CENTRE D'ACTIVITÉS DE JOUR EN DÉFICIENCE INTELLECTUELLE ET EN TROUBLES DU SPECTRE DE L'AUTISME LAPIERRE,"2027, rue Lapierre",H8N1B1,45.43709945678711,-73.6144027709961,community_service_211,Disability/Autism
CLSC PARTHENAIS ET GROUPE DE MÉDECINE DE FAMILLE UNIVERSITAIRE DES FAUBOURGS,"2260, rue Parthenais",H2K3T5,45.53099822998047,-73.56009674072266,community_service_211,CLSC; Hospital
CENTRE DE RÉADAPTATION POUR LES JEUNES EN DIFFICULTÉ D'ADAPTATION DORVAL,"825, avenue Dawson",H9S1X4,45.44200134277344,-73.74230194091797,community_service_211,Youth rehab
FOYER DE GROUPE WOLSELEY,"413, avenue Wolseley",H4X1W4,45.45640182495117,-73.65760040283203,community_service_211,Youth rehab
FOYER DE GROUPE HAWKINS,"5455, chemin de la Côte-Saint-Antoine",H4A1R1,45.47460174560547,-73.61519622802734,community_service_211,Youth rehab
FOYER DE GROUPE POUR LES JEUNES EN DIFFICULTÉ D'ADAPTATION DE RIVIÈRE-DES-PRAIRIES,"12525, 28e Avenue",H1E3V3,45.6416015625,-73.59210205078125,community_service_211,Youth rehab
FOYER DE GROUPE POUR LES JEUNES EN DIFFICULTÉ D'ADAPTATION LANGELIER,"5324, boulevard Langelier",H1M2A7,45.555198669433594,-73.58779907226562,community_service_211,Youth rehab
CLSC WILLIAM C.-VAN HORNE,"1271, avenue Van Horne",H2V1K5,45.52190017700195,-73.61399841308594,community_service_211,CLSC
FOYER DE GROUPE POUR LES JEUNES EN DIFFICULTÉ D'ADAPTATION 1RE AVENUE,"6936, 1e Avenue",H1Y3B4,45.55329895019531,-73.59719848632812,community_service_211,Youth rehab
CENTRE D'ACTIVITÉS DE JOUR EN DÉFICIENCE INTELLECTUELLE ET EN TROUBLES DU SPECTRE DE L'AUTISME LÉGER,"2445, rue Léger",H8N2V7,45.44430160522461,-73.62480163574219,community_service_211,Disability/Autism
APPARTEMENT SUPERVISÉ POUR LES JEUNES EN DIFFICULTÉ D’ADAPTATION ASPIRE,"2291, avenue Wilson",H4A2T4,45.46989822387695,-73.61479949951172,community_service_211,Youth rehab
CLSC DE VILLE-ÉMARD-CÔTE-SAINT-PAUL,"6161, rue Laurendeau",H4E3X6,45.457298278808594,-73.58910369873047,community_service_211,CLSC
FOYER DE GROUPE POUR LES JEUNES EN DIFFICULTÉ D'ADAPTATION LOUIS-HÉMON,"6964, rue Louis-Hémon",H2E2T5,45.55030059814453,-73.60070037841797,community_service_211,Youth rehab
LES CENTRES DE LA JEUNESSE ET DE LA FAMILLE BATSHAW,"6, rue Weredale Park",H3Z1Y6,45.48680114746094,-73.5823974609375,community_service_211,Youth rehab
CLSC ET GROUPE DE MÉDECINE DE FAMILLE UNIVERSITAIRE BORDEAUX-CARTIERVILLE,"11822, avenue du Bois-de-Boulogne",H3M2X6,45.54079818725586,-73.68930053710938,community_service_211,CLSC; Hospital
CENTRE DE RÉADAPTATION EN DÉFICIENCE INTELLECTUELLE ET EN TROUBLES DU SPECTRE DE L'AUTISME NOTRE-DAME,"8000, rue Notre-Dame Ouest",H8R1H2,45.44889831542969,-73.6323013305664,community_service_211,Disability/Autism
CENTRE DE PROTECTION DE L'ENFANCE ET DE LA JEUNESSE MAISONNEUVE EST,"1001, boulevard de Maisonneuve Est, 1er",H2L4P9,45.51810073852539,-73.5593032836914,community_service_211,Youth protection
CENTRE DE RÉADAPTATION POUR LES JEUNES EN DIFFICULTÉ D'ADAPTATION DE LA CITÉ-DES-PRAIRIES,"12165, boulevard Saint-Jean-Baptiste",H1C1S4,45.662200927734375,-73.54000091552734,community_service_211,Youth rehab
CENTRE DE RÉADAPTATION POUR LES JEUNES EN DIFFICULTÉ D'ADAPTATION ROSE-VIRGINIE-PELLETIER,"9469, boulevard Gouin Ouest",H8Y1T2,45.507301330566406,-73.77359771728516,community_service_211,Youth rehab
CHSLD JEANNE-LE BER,"7445, rue Hochelaga",H1N3V2,45.589500427246094,-73.52770233154297,community_service_211,Hospital
CENTRE DE RÉADAPTATION EN DÉFICIENCE INTELLECTUELLE ET EN TROUBLES DU SPECTRE DE L'AUTISME PIE-IX,"8274, boulevard Pie-IX",H1Z3T6,45.57210159301758,-73.60659790039062,community_service_211,Disability/Autism
CENTRE D'ACTIVITÉS DE JOUR EN DÉFICIENCE INTELLECTUELLE ET EN TROUBLES DU SPECTRE DE L'AUTISME ONTARIO,"4532, rue Ontario Est",H1V1K7,45.55459976196289,-73.53810119628906,community_service_211,Disability/Autism
CLSC DE LASALLE,"8550, boulevard Newman",H8N1Y5,45.43119812011719,-73.63150024414062,community_service_211,CLSC
CLSC DE SAINT-LAURENT,"1055, avenue Sainte-Croix",H4L3Z2,45.5172004699707,-73.68090057373047,community_service_211,CLSC
ATELIER DE TRAVAIL EN DÉFICIENCE INTELLECTUELLE ET EN TROUBLES DU SPECTRE DE L'AUTISME EDISON,"9181, rue Édison",H1J1T4,45.61309814453125,-73.56999969482422,community_service_211,Disability/Autism
CENTRE DE RÉADAPTATION EN DÉFICIENCE INTELLECTUELLE ET EN TROUBLES DU SPECTRE DE L'AUTISME CHAMP-D'EAU,"9125, rue Pascal-Gagnon, bureaux 106 et",H1P1Z4,45.60689926147461,-73.59739685058594,community_service_211,Disability/Autism
FOYER DE GROUPE POUR LES JEUNES EN DIFFICULTÉ D'ADAPTATION DE VERDUN,"1230, rue Allard",H4H2C8,45.446998596191406,-73.5823974609375,community_service_211,Youth rehab
CENTRE D'HÉBERGEMENT CAMILLE-LEFEBVRE,"637, 13e Avenue",H8S4K4,45.441200256347656,-73.67659759521484,community_service_211,Hospital
CENTRE DE PROTECTION DE L'ENFANCE ET DE LA JEUNESSE SAINT-DENIS,"8000, rue Saint-Denis",H2R2G1,45.541900634765625,-73.62789916992188,community_service_211,Youth protection
FOYER DE GROUPE POUR LES JEUNES EN DIFFICULTÉ D'ADAPTATION SAGAMO,"6965, terrasse Sagamo",H1S2E9,45.57849884033203,-73.57630157470703,community_service_211,Youth rehab
FOYER DE GROUPE POUR LES JEUNES EN DIFFICULTÉ D'ADAPTATION J.-O. ROUSSIN,"595, 3e Avenue",H1B4P1,45.439998626708984,-73.66690063476562,community_service_211,Youth rehab
CENTRE DE SERVICES AMBULATOIRES ET MAISON DE NAISSANCE LOUVAIN,"9600, rue Saint-Denis",H2M1P2,45.54850006103515,-73.65409851074219,community_service_211,CLSC; Hospital
